bin,lower_edge,upper_edge,n,predicted_pd,recorded_rate,lower,upper,undefined_draws,variant,family,role,calibration,outcome
1,-inf,0.012096160520612577,20455,0.00918947052181288,0.026008310926423858,0.021924366522230735,0.02991042515403996,0,layer1,elasticnet,crisis,raw,recorded charge-off within 36 months
2,0.012096160520612577,0.015383599039776754,14177,0.013754456536639289,0.0519856104958736,0.04286820380364663,0.06040914870266033,0,layer1,elasticnet,crisis,raw,recorded charge-off within 36 months
3,0.015383599039776754,0.018564431151040155,13327,0.01695847542418889,0.08021310122308097,0.06027112912893121,0.09780610659357819,0,layer1,elasticnet,crisis,raw,recorded charge-off within 36 months
4,0.018564431151040155,0.022019093519715188,12852,0.020266569658036977,0.10185185185185185,0.07490117049804904,0.1285655632160996,0,layer1,elasticnet,crisis,raw,recorded charge-off within 36 months
5,0.022019093519715188,0.026187586914912457,11804,0.02402904044391472,0.11343612334801761,0.08211278455091878,0.1420737582779189,0,layer1,elasticnet,crisis,raw,recorded charge-off within 36 months
6,0.026187586914912457,0.03158096601142349,10831,0.02868988666917705,0.11901024836118548,0.08457741595863003,0.15433704295539913,0,layer1,elasticnet,crisis,raw,recorded charge-off within 36 months
7,0.03158096601142349,0.03910220090397715,9843,0.03507987526556807,0.125469877069999,0.09993910030563881,0.1547250845149961,0,layer1,elasticnet,crisis,raw,recorded charge-off within 36 months
8,0.03910220090397715,0.04980251762837693,10270,0.04428909376413921,0.13631937682570594,0.11227083015554833,0.16148569086599185,0,layer1,elasticnet,crisis,raw,recorded charge-off within 36 months
9,0.04980251762837693,0.06805274296139127,18810,0.059121985124272726,0.1793726741095162,0.13821032869650934,0.21529691017817665,0,layer1,elasticnet,crisis,raw,recorded charge-off within 36 months
10,0.06805274296139127,inf,58942,0.10802230175596816,0.16843676834854604,0.13612187952286,0.19743981910620584,0,layer1,elasticnet,crisis,raw,recorded charge-off within 36 months
1,-inf,0.015825706496042626,20455,0.012528006766156861,0.026008310926423858,0.021924366522230735,0.02991042515403996,0,layer1,elasticnet,crisis,sigmoid_2003H2,recorded charge-off within 36 months
2,0.015825706496042626,0.01935566227634517,14177,0.01761795462048876,0.0519856104958736,0.04286820380364663,0.06040914870266033,0,layer1,elasticnet,crisis,sigmoid_2003H2,recorded charge-off within 36 months
3,0.01935566227634517,0.022654545953838975,13327,0.020997457432596713,0.08021310122308097,0.06027112912893121,0.09780610659357819,0,layer1,elasticnet,crisis,sigmoid_2003H2,recorded charge-off within 36 months
4,0.022654545953838975,0.026134377125930464,12852,0.02437712249551351,0.10185185185185185,0.07490117049804904,0.1285655632160996,0,layer1,elasticnet,crisis,sigmoid_2003H2,recorded charge-off within 36 months
5,0.026134377125930464,0.030217337222033232,11804,0.02811264924280509,0.11343612334801761,0.08211278455091878,0.1420737582779189,0,layer1,elasticnet,crisis,sigmoid_2003H2,recorded charge-off within 36 months
6,0.030217337222033232,0.035347827441581846,10831,0.03261051770950167,0.11901024836118548,0.08457741595863003,0.15433704295539913,0,layer1,elasticnet,crisis,sigmoid_2003H2,recorded charge-off within 36 months
7,0.035347827441581846,0.04227519774917372,9843,0.038590085096130135,0.125469877069999,0.09993910030563881,0.1547250845149961,0,layer1,elasticnet,crisis,sigmoid_2003H2,recorded charge-off within 36 months
8,0.04227519774917372,0.05178081171349397,10270,0.04691249662776632,0.13631937682570594,0.11227083015554833,0.16148569086599185,0,layer1,elasticnet,crisis,sigmoid_2003H2,recorded charge-off within 36 months
9,0.05178081171349397,0.06731104576319649,18810,0.059771533846946626,0.1793726741095162,0.13821032869650934,0.21529691017817665,0,layer1,elasticnet,crisis,sigmoid_2003H2,recorded charge-off within 36 months
10,0.06731104576319649,inf,58942,0.09897913278367665,0.16843676834854604,0.13612187952286,0.19743981910620584,0,layer1,elasticnet,crisis,sigmoid_2003H2,recorded charge-off within 36 months
1,-inf,0.012096160520612577,25065,0.008854196856462824,0.0033512866546977858,0.0025430750489124545,0.004210669034453641,0,layer1,elasticnet,oot,raw,recorded charge-off within 36 months
2,0.012096160520612577,0.015383599039776754,13651,0.013714511245601014,0.0062266500622665,0.004536847420771014,0.008245962008506798,0,layer1,elasticnet,oot,raw,recorded charge-off within 36 months
3,0.015383599039776754,0.018564431151040155,11031,0.01693470231668556,0.009518629317378298,0.007151802049416778,0.0125048912006108,0,layer1,elasticnet,oot,raw,recorded charge-off within 36 months
4,0.018564431151040155,0.022019093519715188,9891,0.020210589027160455,0.014154281670205236,0.01098719068060022,0.01775580068674249,0,layer1,elasticnet,oot,raw,recorded charge-off within 36 months
5,0.022019093519715188,0.026187586914912457,8787,0.023991607139082795,0.015249800842153181,0.012527303701694907,0.018386205845135915,0,layer1,elasticnet,oot,raw,recorded charge-off within 36 months
6,0.026187586914912457,0.03158096601142349,7431,0.028633514319249046,0.018301709056654555,0.014765689431059648,0.022111526069047833,0,layer1,elasticnet,oot,raw,recorded charge-off within 36 months
7,0.03158096601142349,0.03910220090397715,6541,0.03505833665596505,0.021097691484482494,0.01767478580956084,0.024989009717723273,0,layer1,elasticnet,oot,raw,recorded charge-off within 36 months
8,0.03910220090397715,0.04980251762837693,6766,0.04418755593587337,0.016553355010345848,0.01400708404415101,0.01975544731000991,0,layer1,elasticnet,oot,raw,recorded charge-off within 36 months
9,0.04980251762837693,0.06805274296139127,8960,0.05878675531011242,0.021316964285714286,0.018110342803773747,0.02467168494718081,0,layer1,elasticnet,oot,raw,recorded charge-off within 36 months
10,0.06805274296139127,inf,21879,0.10813352549222038,0.030257324374971434,0.024877921220306406,0.035381844817164006,0,layer1,elasticnet,oot,raw,recorded charge-off within 36 months
1,-inf,0.015825706496042626,25065,0.01213389670808252,0.0033512866546977858,0.0025430750489124545,0.004210669034453641,0,layer1,elasticnet,oot,sigmoid_2003H2,recorded charge-off within 36 months
2,0.015825706496042626,0.01935566227634517,13651,0.017575035734823816,0.0062266500622665,0.004536847420771014,0.008245962008506798,0,layer1,elasticnet,oot,sigmoid_2003H2,recorded charge-off within 36 months
3,0.01935566227634517,0.022654545953838975,11031,0.020972758693616783,0.009518629317378298,0.007151802049416778,0.0125048912006108,0,layer1,elasticnet,oot,sigmoid_2003H2,recorded charge-off within 36 months
4,0.022654545953838975,0.026134377125930464,9891,0.024320785037048254,0.014154281670205236,0.01098719068060022,0.01775580068674249,0,layer1,elasticnet,oot,sigmoid_2003H2,recorded charge-off within 36 months
5,0.026134377125930464,0.030217337222033232,8787,0.028075952454139668,0.015249800842153181,0.012527303701694907,0.018386205845135915,0,layer1,elasticnet,oot,sigmoid_2003H2,recorded charge-off within 36 months
6,0.030217337222033232,0.035347827441581846,7431,0.03255675219343672,0.018301709056654555,0.014765689431059648,0.022111526069047833,0,layer1,elasticnet,oot,sigmoid_2003H2,recorded charge-off within 36 months
7,0.035347827441581846,0.04227519774917372,6541,0.03857008346756822,0.021097691484482494,0.01767478580956084,0.024989009717723273,0,layer1,elasticnet,oot,sigmoid_2003H2,recorded charge-off within 36 months
8,0.04227519774917372,0.05178081171349397,6766,0.046822567431537815,0.016553355010345848,0.01400708404415101,0.01975544731000991,0,layer1,elasticnet,oot,sigmoid_2003H2,recorded charge-off within 36 months
9,0.05178081171349397,0.06731104576319649,8960,0.05948680992177328,0.021316964285714286,0.018110342803773747,0.02467168494718081,0,layer1,elasticnet,oot,sigmoid_2003H2,recorded charge-off within 36 months
10,0.06731104576319649,inf,21879,0.0990478517405877,0.030257324374971434,0.024877921220306406,0.035381844817164006,0,layer1,elasticnet,oot,sigmoid_2003H2,recorded charge-off within 36 months
1,-inf,0.008165385081379525,17262,0.005821057363314162,0.034005329625767584,0.02347090031453226,0.04155620949530156,0,layer1,lightgbm,crisis,raw,recorded charge-off within 36 months
2,0.008165385081379525,0.011657362361860683,16615,0.009943000985720795,0.06367739993981342,0.04577911538310453,0.08541828274277494,0,layer1,lightgbm,crisis,raw,recorded charge-off within 36 months
3,0.011657362361860683,0.015191929238580941,16489,0.01338522812744032,0.08623931105585542,0.06313479641295262,0.10987210443846054,0,layer1,lightgbm,crisis,raw,recorded charge-off within 36 months
4,0.015191929238580941,0.019102430263918065,14648,0.017057652519728305,0.1005598033861278,0.07215548305120273,0.1297014807612132,0,layer1,lightgbm,crisis,raw,recorded charge-off within 36 months
5,0.019102430263918065,0.023855781000998777,13832,0.02136460027627982,0.11054077501445922,0.08586590393438821,0.1380653259726937,0,layer1,lightgbm,crisis,raw,recorded charge-off within 36 months
6,0.023855781000998777,0.029967919810324893,12464,0.02671602389663987,0.10566431322207959,0.08266388551681718,0.13085186375552504,0,layer1,lightgbm,crisis,raw,recorded charge-off within 36 months
7,0.029967919810324893,0.03834656781620546,11678,0.033882675128055297,0.12193868813152937,0.09781077558604599,0.14801922446601146,0,layer1,lightgbm,crisis,raw,recorded charge-off within 36 months
8,0.03834656781620546,0.05094607546127686,12390,0.04448328174122297,0.1311541565778854,0.10177091172719681,0.1584545100651301,0,layer1,lightgbm,crisis,raw,recorded charge-off within 36 months
9,0.05094607546127686,0.07248704789381015,18133,0.061640048717714384,0.17492968620746704,0.1301867223455898,0.21231643826321941,0,layer1,lightgbm,crisis,raw,recorded charge-off within 36 months
10,0.07248704789381015,inf,47800,0.12285774669896074,0.18002092050209206,0.1481821865571392,0.21417925314615377,0,layer1,lightgbm,crisis,raw,recorded charge-off within 36 months
1,-inf,0.014377493096435403,17262,0.011054465233471932,0.034005329625767584,0.02347090031453226,0.04155620949530156,0,layer1,lightgbm,crisis,sigmoid_2003H2,recorded charge-off within 36 months
2,0.014377493096435403,0.018799089402752517,16615,0.016661301424619697,0.06367739993981342,0.04577911538310453,0.08541828274277494,0,layer1,lightgbm,crisis,sigmoid_2003H2,recorded charge-off within 36 months
3,0.018799089402752517,0.022944951835381474,16489,0.02084884620205967,0.08623931105585542,0.06313479641295262,0.10987210443846054,0,layer1,lightgbm,crisis,sigmoid_2003H2,recorded charge-off within 36 months
4,0.022944951835381474,0.027258637229327597,14648,0.02502346433879332,0.1005598033861278,0.07215548305120273,0.1297014807612132,0,layer1,lightgbm,crisis,sigmoid_2003H2,recorded charge-off within 36 months
5,0.027258637229327597,0.03221521916559031,13832,0.02964033137518086,0.11054077501445922,0.08586590393438821,0.1380653259726937,0,layer1,lightgbm,crisis,sigmoid_2003H2,recorded charge-off within 36 months
6,0.03221521916559031,0.03824127269874117,12464,0.03506368146593207,0.10566431322207959,0.08266388551681718,0.13085186375552504,0,layer1,lightgbm,crisis,sigmoid_2003H2,recorded charge-off within 36 months
7,0.03824127269874117,0.04603035273574596,11678,0.04191996604329333,0.12193868813152937,0.09781077558604599,0.14801922446601146,0,layer1,lightgbm,crisis,sigmoid_2003H2,recorded charge-off within 36 months
8,0.04603035273574596,0.05700581236632876,12390,0.05143931068041568,0.1311541565778854,0.10177091172719681,0.1584545100651301,0,layer1,lightgbm,crisis,sigmoid_2003H2,recorded charge-off within 36 months
9,0.05700581236632876,0.07439180281014494,18133,0.06575391907394047,0.17492968620746704,0.1301867223455898,0.21231643826321941,0,layer1,lightgbm,crisis,sigmoid_2003H2,recorded charge-off within 36 months
10,0.07439180281014494,inf,47800,0.1102956794696543,0.18002092050209206,0.1481821865571392,0.21417925314615377,0,layer1,lightgbm,crisis,sigmoid_2003H2,recorded charge-off within 36 months
1,-inf,0.008165385081379525,23059,0.005568516221110433,0.0033826271737716295,0.0024879812710200265,0.004345931431516074,0,layer1,lightgbm,oot,raw,recorded charge-off within 36 months
2,0.008165385081379525,0.011657362361860683,16398,0.009883750619121421,0.006708135138431516,0.004977506235388826,0.008224043297175262,0,layer1,lightgbm,oot,raw,recorded charge-off within 36 months
3,0.011657362361860683,0.015191929238580941,14380,0.01334422602968407,0.012169680111265646,0.009724700936667408,0.014613363081632932,0,layer1,lightgbm,oot,raw,recorded charge-off within 36 months
4,0.015191929238580941,0.019102430263918065,11383,0.017013928326083737,0.012474743037863481,0.010526803525877617,0.014353497982977255,0,layer1,lightgbm,oot,raw,recorded charge-off within 36 months
5,0.019102430263918065,0.023855781000998777,9859,0.021327024817567607,0.016735977279642964,0.014135841110858183,0.0193766474703232,0,layer1,lightgbm,oot,raw,recorded charge-off within 36 months
6,0.023855781000998777,0.029967919810324893,8372,0.02664166861938344,0.01839464882943144,0.015034205084041994,0.021869006534671658,0,layer1,lightgbm,oot,raw,recorded charge-off within 36 months
7,0.029967919810324893,0.03834656781620546,6922,0.03377428417814465,0.01849176538572667,0.015003510982592087,0.02287971544414108,0,layer1,lightgbm,oot,raw,recorded charge-off within 36 months
8,0.03834656781620546,0.05094607546127686,6050,0.04422160263827003,0.021487603305785124,0.016871336457442185,0.026715917791130958,0,layer1,lightgbm,oot,raw,recorded charge-off within 36 months
9,0.05094607546127686,0.07248704789381015,6470,0.0610656942573781,0.027202472952086554,0.02206934466663763,0.03193716171917073,0,layer1,lightgbm,oot,raw,recorded charge-off within 36 months
10,0.07248704789381015,inf,17109,0.131854336908115,0.030919399146647965,0.025174384539566278,0.03711101793728568,0,layer1,lightgbm,oot,raw,recorded charge-off within 36 months
1,-inf,0.014377493096435403,23059,0.01067359706448169,0.0033826271737716295,0.0024879812710200265,0.004345931431516074,0,layer1,lightgbm,oot,sigmoid_2003H2,recorded charge-off within 36 months
2,0.014377493096435403,0.018799089402752517,16398,0.016586104056149346,0.006708135138431516,0.004977506235388826,0.008224043297175262,0,layer1,lightgbm,oot,sigmoid_2003H2,recorded charge-off within 36 months
3,0.018799089402752517,0.022944951835381474,14380,0.02080060339883153,0.012169680111265646,0.009724700936667408,0.014613363081632932,0,layer1,lightgbm,oot,sigmoid_2003H2,recorded charge-off within 36 months
4,0.022944951835381474,0.027258637229327597,11383,0.024975521204655134,0.012474743037863481,0.010526803525877617,0.014353497982977255,0,layer1,lightgbm,oot,sigmoid_2003H2,recorded charge-off within 36 months
5,0.027258637229327597,0.03221521916559031,9859,0.029601294881001595,0.016735977279642964,0.014135841110858183,0.0193766474703232,0,layer1,lightgbm,oot,sigmoid_2003H2,recorded charge-off within 36 months
6,0.03221521916559031,0.03824127269874117,8372,0.034990111331169346,0.01839464882943144,0.015034205084041994,0.021869006534671658,0,layer1,lightgbm,oot,sigmoid_2003H2,recorded charge-off within 36 months
7,0.03824127269874117,0.04603035273574596,6922,0.04181897798740033,0.01849176538572667,0.015003510982592087,0.02287971544414108,0,layer1,lightgbm,oot,sigmoid_2003H2,recorded charge-off within 36 months
8,0.04603035273574596,0.05700581236632876,6050,0.05121194786641232,0.021487603305785124,0.016871336457442185,0.026715917791130958,0,layer1,lightgbm,oot,sigmoid_2003H2,recorded charge-off within 36 months
9,0.05700581236632876,0.07439180281014494,6470,0.06528914988897658,0.027202472952086554,0.02206934466663763,0.03193716171917073,0,layer1,lightgbm,oot,sigmoid_2003H2,recorded charge-off within 36 months
10,0.07439180281014494,inf,17109,0.11625642099439808,0.030919399146647965,0.025174384539566278,0.03711101793728568,0,layer1,lightgbm,oot,sigmoid_2003H2,recorded charge-off within 36 months
1,-inf,0.002804759032938324,9971,0.0016677613606559973,0.004813960485407682,0.0032688462340529126,0.006378282774966865,0,layer1_term,elasticnet,crisis,raw,recorded charge-off within 36 months
2,0.002804759032938324,0.006593406055509021,10428,0.004688849272852089,0.014384349827387802,0.009265639148057654,0.019271348318194086,0,layer1_term,elasticnet,crisis,raw,recorded charge-off within 36 months
3,0.006593406055509021,0.012674739013647287,19559,0.009760026065363352,0.05813180632956695,0.047207863578609885,0.06845101510749849,0,layer1_term,elasticnet,crisis,raw,recorded charge-off within 36 months
4,0.012674739013647287,0.018664053412203715,18913,0.015554810407782947,0.1060117379580183,0.07865244053918978,0.13374979453911345,0,layer1_term,elasticnet,crisis,raw,recorded charge-off within 36 months
5,0.018664053412203715,0.024809507114102156,15250,0.021582031862403605,0.12819672131147541,0.09283151594672395,0.1582550302261059,0,layer1_term,elasticnet,crisis,raw,recorded charge-off within 36 months
6,0.024809507114102156,0.031824840845525164,12960,0.028148281981558138,0.12021604938271604,0.09463160151937602,0.14641058031702686,0,layer1_term,elasticnet,crisis,raw,recorded charge-off within 36 months
7,0.031824840845525164,0.04103300095089207,13493,0.03631858707792929,0.10761135403542578,0.08704150289732711,0.12886086015390782,0,layer1_term,elasticnet,crisis,raw,recorded charge-off within 36 months
8,0.04103300095089207,0.05390321844438822,16404,0.047354962055957274,0.10851011948305292,0.0927575527255994,0.12282150006969167,0,layer1_term,elasticnet,crisis,raw,recorded charge-off within 36 months
9,0.05390321844438822,0.07699536391487168,24632,0.06486161794501259,0.1558135758363105,0.13301616330378355,0.1766779647245232,0,layer1_term,elasticnet,crisis,raw,recorded charge-off within 36 months
10,0.07699536391487168,inf,39701,0.12133771251865473,0.2087856729049646,0.16768719381891772,0.24247418216847588,0,layer1_term,elasticnet,crisis,raw,recorded charge-off within 36 months
1,-inf,0.005324707664019262,9971,0.003438124960879244,0.004813960485407682,0.0032688462340529126,0.006378282774966865,0,layer1_term,elasticnet,crisis,sigmoid_2003H2,recorded charge-off within 36 months
2,0.005324707664019262,0.010735260168771108,10428,0.00808262525470951,0.014384349827387802,0.009265639148057654,0.019271348318194086,0,layer1_term,elasticnet,crisis,sigmoid_2003H2,recorded charge-off within 36 months
3,0.010735260168771108,0.01833420066407988,19559,0.014767255630620353,0.05813180632956695,0.047207863578609885,0.06845101510749849,0,layer1_term,elasticnet,crisis,sigmoid_2003H2,recorded charge-off within 36 months
4,0.01833420066407988,0.025161249469596088,18913,0.02165760725861956,0.1060117379580183,0.07865244053918978,0.13374979453911345,0,layer1_term,elasticnet,crisis,sigmoid_2003H2,recorded charge-off within 36 months
5,0.025161249469596088,0.0317518887906691,15250,0.028319412724617212,0.12819672131147541,0.09283151594672395,0.1582550302261059,0,layer1_term,elasticnet,crisis,sigmoid_2003H2,recorded charge-off within 36 months
6,0.0317518887906691,0.038916617816507175,12960,0.03518913422312695,0.12021604938271604,0.09463160151937602,0.14641058031702686,0,layer1_term,elasticnet,crisis,sigmoid_2003H2,recorded charge-off within 36 months
7,0.038916617816507175,0.04789723283172018,13493,0.04333375547967717,0.10761135403542578,0.08704150289732711,0.12886086015390782,0,layer1_term,elasticnet,crisis,sigmoid_2003H2,recorded charge-off within 36 months
8,0.04789723283172018,0.05986353828393374,16404,0.05382402842175085,0.10851011948305292,0.0927575527255994,0.12282150006969167,0,layer1_term,elasticnet,crisis,sigmoid_2003H2,recorded charge-off within 36 months
9,0.05986353828393374,0.08016113284461908,24632,0.06960032012492272,0.1558135758363105,0.13301616330378355,0.1766779647245232,0,layer1_term,elasticnet,crisis,sigmoid_2003H2,recorded charge-off within 36 months
10,0.08016113284461908,inf,39701,0.11583751474764241,0.2087856729049646,0.16768719381891772,0.24247418216847588,0,layer1_term,elasticnet,crisis,sigmoid_2003H2,recorded charge-off within 36 months
1,-inf,0.002804759032938324,15756,0.001651468479293074,0.0007616146230007616,0.00030551042234117396,0.0014167226217105557,0,layer1_term,elasticnet,oot,raw,recorded charge-off within 36 months
2,0.002804759032938324,0.006593406055509021,9498,0.004508509232172257,0.002421562434196673,0.0014015590990146762,0.0033332827962754487,0,layer1_term,elasticnet,oot,raw,recorded charge-off within 36 months
3,0.006593406055509021,0.012674739013647287,15335,0.009701265880146411,0.005021193348549071,0.003310556660922822,0.0066554731662245206,0,layer1_term,elasticnet,oot,raw,recorded charge-off within 36 months
4,0.012674739013647287,0.018664053412203715,13748,0.015568365036676208,0.009237707302880418,0.006544091393081115,0.012367818786582736,0,layer1_term,elasticnet,oot,raw,recorded charge-off within 36 months
5,0.018664053412203715,0.024809507114102156,11174,0.021588472681855892,0.014766422051190263,0.011299916691151412,0.018700205521161067,0,layer1_term,elasticnet,oot,raw,recorded charge-off within 36 months
6,0.024809507114102156,0.031824840845525164,9059,0.028159230091943953,0.018434705817419142,0.01558862983841087,0.02206054807600496,0,layer1_term,elasticnet,oot,raw,recorded charge-off within 36 months
7,0.031824840845525164,0.04103300095089207,8502,0.036167617134670864,0.019171959538932016,0.014865140059708796,0.023622050331635388,0,layer1_term,elasticnet,oot,raw,recorded charge-off within 36 months
8,0.04103300095089207,0.05390321844438822,9201,0.04728017927067021,0.01793283338767525,0.014346053435018675,0.021110935484816008,0,layer1_term,elasticnet,oot,raw,recorded charge-off within 36 months
9,0.05390321844438822,0.07699536391487168,11837,0.06443340241163922,0.019937484159837798,0.01720790245408242,0.023230097402515703,0,layer1_term,elasticnet,oot,raw,recorded charge-off within 36 months
10,0.07699536391487168,inf,15892,0.12305022243837656,0.04102693178957966,0.03533794789005163,0.046413602058148935,0,layer1_term,elasticnet,oot,raw,recorded charge-off within 36 months
1,-inf,0.005324707664019262,15756,0.0034105181032631584,0.0007616146230007616,0.00030551042234117396,0.0014167226217105557,0,layer1_term,elasticnet,oot,sigmoid_2003H2,recorded charge-off within 36 months
2,0.005324707664019262,0.010735260168771108,9498,0.007822688988090305,0.002421562434196673,0.0014015590990146762,0.0033332827962754487,0,layer1_term,elasticnet,oot,sigmoid_2003H2,recorded charge-off within 36 months
3,0.010735260168771108,0.01833420066407988,15335,0.014694856461506133,0.005021193348549071,0.003310556660922822,0.0066554731662245206,0,layer1_term,elasticnet,oot,sigmoid_2003H2,recorded charge-off within 36 months
4,0.01833420066407988,0.025161249469596088,13748,0.021673126636639103,0.009237707302880418,0.006544091393081115,0.012367818786582736,0,layer1_term,elasticnet,oot,sigmoid_2003H2,recorded charge-off within 36 months
5,0.025161249469596088,0.0317518887906691,11174,0.028326212865123615,0.014766422051190263,0.011299916691151412,0.018700205521161067,0,layer1_term,elasticnet,oot,sigmoid_2003H2,recorded charge-off within 36 months
6,0.0317518887906691,0.038916617816507175,9059,0.03519998958224556,0.018434705817419142,0.01558862983841087,0.02206054807600496,0,layer1_term,elasticnet,oot,sigmoid_2003H2,recorded charge-off within 36 months
7,0.038916617816507175,0.04789723283172018,8502,0.04318655389848869,0.019171959538932016,0.014865140059708796,0.023622050331635388,0,layer1_term,elasticnet,oot,sigmoid_2003H2,recorded charge-off within 36 months
8,0.04789723283172018,0.05986353828393374,9201,0.05375459380769593,0.01793283338767525,0.014346053435018675,0.021110935484816008,0,layer1_term,elasticnet,oot,sigmoid_2003H2,recorded charge-off within 36 months
9,0.05986353828393374,0.08016113284461908,11837,0.06922348703552529,0.019937484159837798,0.01720790245408242,0.023230097402515703,0,layer1_term,elasticnet,oot,sigmoid_2003H2,recorded charge-off within 36 months
10,0.08016113284461908,inf,15892,0.11710692376748992,0.04102693178957966,0.03533794789005163,0.046413602058148935,0,layer1_term,elasticnet,oot,sigmoid_2003H2,recorded charge-off within 36 months
1,-inf,0.000264472989715518,13689,0.00015788069012738688,0.00014610271020527432,0.0,0.00038180675047935655,0,layer1_term,lightgbm,crisis,raw,recorded charge-off within 36 months
2,0.000264472989715518,0.0005365246827543825,18763,0.00039505938424879496,0.0005862601929328998,0.00031569672804299543,0.000948462677333288,0,layer1_term,lightgbm,crisis,raw,recorded charge-off within 36 months
3,0.0005365246827543825,0.0008262494079455715,13859,0.0006693810759440344,0.0010101738942203623,0.0003499808242245853,0.0017648868543853156,0,layer1_term,lightgbm,crisis,raw,recorded charge-off within 36 months
4,0.0008262494079455715,0.0012529868346513077,12873,0.0010214048480103777,0.0016313213703099511,0.0005847710691851664,0.002731013358579346,0,layer1_term,lightgbm,crisis,raw,recorded charge-off within 36 months
5,0.0012529868346513077,0.0021110154967913567,14263,0.0016357059069142714,0.004837691930168969,0.003372802751582301,0.0068774491765673995,0,layer1_term,lightgbm,crisis,raw,recorded charge-off within 36 months
6,0.0021110154967913567,0.004314859584090401,16723,0.003054240804146456,0.011959576630987264,0.009617659555526372,0.014773946174621027,0,layer1_term,lightgbm,crisis,raw,recorded charge-off within 36 months
7,0.004314859584090401,0.008780684377457038,14124,0.006209398000647125,0.032214670065137355,0.02721100192243763,0.03716168071977614,0,layer1_term,lightgbm,crisis,raw,recorded charge-off within 36 months
8,0.008780684377457038,0.022903989854549736,16353,0.014608635361891697,0.0738090870176726,0.05892450334311913,0.08768872114252668,0,layer1_term,lightgbm,crisis,raw,recorded charge-off within 36 months
9,0.022903989854549736,0.08685365430858681,23376,0.048940069348131235,0.175564681724846,0.14830490492448553,0.20144685295075868,0,layer1_term,lightgbm,crisis,raw,recorded charge-off within 36 months
10,0.08685365430858681,inf,37288,0.281658621117699,0.43255202746191806,0.37691155584932046,0.4795054971773722,0,layer1_term,lightgbm,crisis,raw,recorded charge-off within 36 months
1,-inf,0.0001819949378986651,13689,0.00010436170524521021,0.00014610271020527432,0.0,0.00038180675047935655,0,layer1_term,lightgbm,crisis,sigmoid_2003H2,recorded charge-off within 36 months
2,0.0001819949378986651,0.00039611193898123135,18763,0.0002835367047065957,0.0005862601929328998,0.00031569672804299543,0.000948462677333288,0,layer1_term,lightgbm,crisis,sigmoid_2003H2,recorded charge-off within 36 months
3,0.00039611193898123135,0.0006367936153527104,13859,0.0005056248695496574,0.0010101738942203623,0.0003499808242245853,0.0017648868543853156,0,layer1_term,lightgbm,crisis,sigmoid_2003H2,recorded charge-off within 36 months
4,0.0006367936153527104,0.0010065576631740991,12873,0.0008046341554308639,0.0016313213703099511,0.0005847710691851664,0.002731013358579346,0,layer1_term,lightgbm,crisis,sigmoid_2003H2,recorded charge-off within 36 months
5,0.0010065576631740991,0.0017863076567017527,14263,0.0013510473920201184,0.004837691930168969,0.003372802751582301,0.0068774491765673995,0,layer1_term,lightgbm,crisis,sigmoid_2003H2,recorded charge-off within 36 months
6,0.0017863076567017527,0.003920984711496403,16723,0.0026875832277325714,0.011959576630987264,0.009617659555526372,0.014773946174621027,0,layer1_term,lightgbm,crisis,sigmoid_2003H2,recorded charge-off within 36 months
7,0.003920984711496403,0.008564879809626846,14124,0.00586482625958042,0.032214670065137355,0.02721100192243763,0.03716168071977614,0,layer1_term,lightgbm,crisis,sigmoid_2003H2,recorded charge-off within 36 months
8,0.008564879809626846,0.024561131978135073,16353,0.015048508157045186,0.0738090870176726,0.05892450334311913,0.08768872114252668,0,layer1_term,lightgbm,crisis,sigmoid_2003H2,recorded charge-off within 36 months
9,0.024561131978135073,0.10508060101258167,23376,0.05672540549811698,0.175564681724846,0.14830490492448553,0.20144685295075868,0,layer1_term,lightgbm,crisis,sigmoid_2003H2,recorded charge-off within 36 months
10,0.10508060101258167,inf,37288,0.34488127559087123,0.43255202746191806,0.37691155584932046,0.4795054971773722,0,layer1_term,lightgbm,crisis,sigmoid_2003H2,recorded charge-off within 36 months
1,-inf,0.000264472989715518,21512,0.0001431572002671224,4.6485682409817774e-05,0.0,0.00017920996046646854,0,layer1_term,lightgbm,oot,raw,recorded charge-off within 36 months
2,0.000264472989715518,0.0005365246827543825,20201,0.000391393296557753,0.0,0.0,0.0,0,layer1_term,lightgbm,oot,raw,recorded charge-off within 36 months
3,0.0005365246827543825,0.0008262494079455715,12394,0.000666634263675567,8.068420203324189e-05,0.0,0.0002694958234950175,0,layer1_term,lightgbm,oot,raw,recorded charge-off within 36 months
4,0.0008262494079455715,0.0012529868346513077,10092,0.0010193099748713526,0.00029726516052318666,0.0,0.0007713291603793706,0,layer1_term,lightgbm,oot,raw,recorded charge-off within 36 months
5,0.0012529868346513077,0.0021110154967913567,9890,0.0016277903099662162,0.0007077856420626896,0.0002934476023772552,0.0011965628715213603,0,layer1_term,lightgbm,oot,raw,recorded charge-off within 36 months
6,0.0021110154967913567,0.004314859584090401,11261,0.003055725543707886,0.002575259746026108,0.0015826803562577394,0.0037833651911984415,0,layer1_term,lightgbm,oot,raw,recorded charge-off within 36 months
7,0.004314859584090401,0.008780684377457038,9122,0.0061715325655680485,0.007893005919754439,0.006154459580691361,0.009590476963211823,0,layer1_term,lightgbm,oot,raw,recorded charge-off within 36 months
8,0.008780684377457038,0.022903989854549736,9341,0.014405034750760154,0.017985226421154053,0.01439182183747711,0.022506220085694296,0,layer1_term,lightgbm,oot,raw,recorded charge-off within 36 months
9,0.022903989854549736,0.08685365430858681,9507,0.04547581635614506,0.043441674555590615,0.03720367374654349,0.050927526477985194,0,layer1_term,lightgbm,oot,raw,recorded charge-off within 36 months
10,0.08685365430858681,inf,6682,0.22264524394031504,0.16357378030529782,0.13909130062289551,0.1918677514228131,0,layer1_term,lightgbm,oot,raw,recorded charge-off within 36 months
1,-inf,0.0001819949378986651,21512,9.397055473099918e-05,4.6485682409817774e-05,0.0,0.00017920996046646854,0,layer1_term,lightgbm,oot,sigmoid_2003H2,recorded charge-off within 36 months
2,0.0001819949378986651,0.00039611193898123135,20201,0.0002806401424912189,0.0,0.0,0.0,0,layer1_term,lightgbm,oot,sigmoid_2003H2,recorded charge-off within 36 months
3,0.00039611193898123135,0.0006367936153527104,12394,0.0005033454405434045,8.068420203324189e-05,0.0,0.0002694958234950175,0,layer1_term,lightgbm,oot,sigmoid_2003H2,recorded charge-off within 36 months
4,0.0006367936153527104,0.0010065576631740991,10092,0.0008028160411970972,0.00029726516052318666,0.0,0.0007713291603793706,0,layer1_term,lightgbm,oot,sigmoid_2003H2,recorded charge-off within 36 months
5,0.0010065576631740991,0.0017863076567017527,9890,0.0013438657508523485,0.0007077856420626896,0.0002934476023772552,0.0011965628715213603,0,layer1_term,lightgbm,oot,sigmoid_2003H2,recorded charge-off within 36 months
6,0.0017863076567017527,0.003920984711496403,11261,0.002689155866759626,0.002575259746026108,0.0015826803562577394,0.0037833651911984415,0,layer1_term,lightgbm,oot,sigmoid_2003H2,recorded charge-off within 36 months
7,0.003920984711496403,0.008564879809626846,9122,0.005825188675196456,0.007893005919754439,0.006154459580691361,0.009590476963211823,0,layer1_term,lightgbm,oot,sigmoid_2003H2,recorded charge-off within 36 months
8,0.008564879809626846,0.024561131978135073,9341,0.01481857645973409,0.017985226421154053,0.01439182183747711,0.022506220085694296,0,layer1_term,lightgbm,oot,sigmoid_2003H2,recorded charge-off within 36 months
9,0.024561131978135073,0.10508060101258167,9507,0.05237444073356726,0.043441674555590615,0.03720367374654349,0.050927526477985194,0,layer1_term,lightgbm,oot,sigmoid_2003H2,recorded charge-off within 36 months
10,0.10508060101258167,inf,6682,0.2749656228965139,0.16357378030529782,0.13909130062289551,0.1918677514228131,0,layer1_term,lightgbm,oot,sigmoid_2003H2,recorded charge-off within 36 months
1,-inf,0.0077564304395792896,23257,0.005298120390351195,0.029668486907167734,0.020568461284782055,0.03687195946444579,0,layer2,lightgbm,crisis,raw,recorded charge-off within 36 months
2,0.0077564304395792896,0.011333524983646766,17523,0.00951134345644725,0.05644010728756491,0.04178289783050496,0.07487927247238614,0,layer2,lightgbm,crisis,raw,recorded charge-off within 36 months
3,0.011333524983646766,0.014864898706843897,15050,0.013057584992743081,0.08485049833887043,0.06589696917839298,0.10826003807560182,0,layer2,lightgbm,crisis,raw,recorded charge-off within 36 months
4,0.014864898706843897,0.018805325874266133,13542,0.016768992871253944,0.10552355634322848,0.08026054367553218,0.1348851427736032,0,layer2,lightgbm,crisis,raw,recorded charge-off within 36 months
5,0.018805325874266133,0.02356547566023546,12265,0.02102647670859695,0.12441907867916836,0.09214097392632094,0.15952601226889845,0,layer2,lightgbm,crisis,raw,recorded charge-off within 36 months
6,0.02356547566023546,0.029885592132785587,10193,0.026436083620339758,0.12685176101245954,0.0946058722557839,0.1619674344511663,0,layer2,lightgbm,crisis,raw,recorded charge-off within 36 months
7,0.029885592132785587,0.03862645746694344,8404,0.03385163137463752,0.13112803426939554,0.10051384965096234,0.16522599612846883,0,layer2,lightgbm,crisis,raw,recorded charge-off within 36 months
8,0.03862645746694344,0.051616018892186165,8473,0.04492491669224807,0.12581140092057122,0.10407844034703695,0.14755166766433322,0,layer2,lightgbm,crisis,raw,recorded charge-off within 36 months
9,0.051616018892186165,0.0734021249534988,14513,0.06265070633840104,0.15055467511885895,0.11552646386262776,0.18164180645666508,0,layer2,lightgbm,crisis,raw,recorded charge-off within 36 months
10,0.0734021249534988,inf,58091,0.13375864134355106,0.1834191182799401,0.1471800522880701,0.2178809891487599,0,layer2,lightgbm,crisis,raw,recorded charge-off within 36 months
1,-inf,0.0177837000552005,23257,0.013231732734987893,0.029668486907167734,0.020568461284782055,0.03687195946444579,0,layer2,lightgbm,crisis,sigmoid_2003H2,recorded charge-off within 36 months
2,0.0177837000552005,0.02364908064708144,17523,0.020708566301044447,0.05644010728756491,0.04178289783050496,0.07487927247238614,0,layer2,lightgbm,crisis,sigmoid_2003H2,recorded charge-off within 36 months
3,0.02364908064708144,0.028984158590793452,15050,0.02628468879214366,0.08485049833887043,0.06589696917839298,0.10826003807560182,0,layer2,lightgbm,crisis,sigmoid_2003H2,recorded charge-off within 36 months
4,0.028984158590793452,0.03456276529469008,13542,0.031708043567836984,0.10552355634322848,0.08026054367553218,0.1348851427736032,0,layer2,lightgbm,crisis,sigmoid_2003H2,recorded charge-off within 36 months
5,0.03456276529469008,0.04091109848130728,12265,0.0375559728505989,0.12441907867916836,0.09214097392632094,0.15952601226889845,0,layer2,lightgbm,crisis,sigmoid_2003H2,recorded charge-off within 36 months
6,0.04091109848130728,0.04884447068775151,10193,0.04455565447367793,0.12685176101245954,0.0946058722557839,0.1619674344511663,0,layer2,lightgbm,crisis,sigmoid_2003H2,recorded charge-off within 36 months
7,0.04884447068775151,0.059126564978176595,8404,0.05356677309091499,0.13112803426939554,0.10051384965096234,0.16522599612846883,0,layer2,lightgbm,crisis,sigmoid_2003H2,recorded charge-off within 36 months
8,0.059126564978176595,0.07334407824691856,8473,0.06610919425046614,0.12581140092057122,0.10407844034703695,0.14755166766433322,0,layer2,lightgbm,crisis,sigmoid_2003H2,recorded charge-off within 36 months
9,0.07334407824691856,0.09525585498796207,14513,0.0846108807578572,0.15055467511885895,0.11552646386262776,0.18164180645666508,0,layer2,lightgbm,crisis,sigmoid_2003H2,recorded charge-off within 36 months
10,0.09525585498796207,inf,58091,0.14728731077412077,0.1834191182799401,0.1471800522880701,0.2178809891487599,0,layer2,lightgbm,crisis,sigmoid_2003H2,recorded charge-off within 36 months
1,-inf,0.0077564304395792896,33292,0.005110506958708145,0.0041751772197524935,0.003476324416609682,0.005047057478398866,0,layer2,lightgbm,oot,raw,recorded charge-off within 36 months
2,0.0077564304395792896,0.011333524983646766,14672,0.009438458839754076,0.008383315158124318,0.006787125118712671,0.01019631338257826,0,layer2,lightgbm,oot,raw,recorded charge-off within 36 months
3,0.011333524983646766,0.014864898706843897,10511,0.013045677599673388,0.010940919037199124,0.008279589997328817,0.013694552631429633,0,layer2,lightgbm,oot,raw,recorded charge-off within 36 months
4,0.014864898706843897,0.018805325874266133,9019,0.01673576720033075,0.01397050670806076,0.011330396428635528,0.016897246827691847,0,layer2,lightgbm,oot,raw,recorded charge-off within 36 months
5,0.018805325874266133,0.02356547566023546,7735,0.021025121978383653,0.01809954751131222,0.015292351968932699,0.021456123546703267,0,layer2,lightgbm,oot,raw,recorded charge-off within 36 months
6,0.02356547566023546,0.029885592132785587,6793,0.026500144938823612,0.020756661268953334,0.017075227270747045,0.02473827411915548,0,layer2,lightgbm,oot,raw,recorded charge-off within 36 months
7,0.029885592132785587,0.03862645746694344,6322,0.034034025954262616,0.01866497943688706,0.015497202045188445,0.021775013823360927,0,layer2,lightgbm,oot,raw,recorded charge-off within 36 months
8,0.03862645746694344,0.051616018892186165,6861,0.04489559836619457,0.021133945488995772,0.016729397375377524,0.02541199827051104,0,layer2,lightgbm,oot,raw,recorded charge-off within 36 months
9,0.051616018892186165,0.0734021249534988,8167,0.061884307160854135,0.024611240357536427,0.021238132975883332,0.02813402726668702,0,layer2,lightgbm,oot,raw,recorded charge-off within 36 months
10,0.0734021249534988,inf,16630,0.12128933406349565,0.03241130487071557,0.025510165416070117,0.0390517215015191,0,layer2,lightgbm,oot,raw,recorded charge-off within 36 months
1,-inf,0.0177837000552005,33292,0.012882953793373265,0.0041751772197524935,0.003476324416609682,0.005047057478398866,0,layer2,lightgbm,oot,sigmoid_2003H2,recorded charge-off within 36 months
2,0.0177837000552005,0.02364908064708144,14672,0.02058858778065775,0.008383315158124318,0.006787125118712671,0.01019631338257826,0,layer2,lightgbm,oot,sigmoid_2003H2,recorded charge-off within 36 months
3,0.02364908064708144,0.028984158590793452,10511,0.02626660993308267,0.010940919037199124,0.008279589997328817,0.013694552631429633,0,layer2,lightgbm,oot,sigmoid_2003H2,recorded charge-off within 36 months
4,0.028984158590793452,0.03456276529469008,9019,0.03166107863737157,0.01397050670806076,0.011330396428635528,0.016897246827691847,0,layer2,lightgbm,oot,sigmoid_2003H2,recorded charge-off within 36 months
5,0.03456276529469008,0.04091109848130728,7735,0.037553784089325984,0.01809954751131222,0.015292351968932699,0.021456123546703267,0,layer2,lightgbm,oot,sigmoid_2003H2,recorded charge-off within 36 months
6,0.04091109848130728,0.04884447068775151,6793,0.044635969634997975,0.020756661268953334,0.017075227270747045,0.02473827411915548,0,layer2,lightgbm,oot,sigmoid_2003H2,recorded charge-off within 36 months
7,0.04884447068775151,0.059126564978176595,6322,0.05378176661995284,0.01866497943688706,0.015497202045188445,0.021775013823360927,0,layer2,lightgbm,oot,sigmoid_2003H2,recorded charge-off within 36 months
8,0.059126564978176595,0.07334407824691856,6861,0.0660783595738174,0.021133945488995772,0.016729397375377524,0.02541199827051104,0,layer2,lightgbm,oot,sigmoid_2003H2,recorded charge-off within 36 months
9,0.07334407824691856,0.09525585498796207,8167,0.08383870056606231,0.024611240357536427,0.021238132975883332,0.02813402726668702,0,layer2,lightgbm,oot,sigmoid_2003H2,recorded charge-off within 36 months
10,0.09525585498796207,inf,16630,0.13690062327601912,0.03241130487071557,0.025510165416070117,0.0390517215015191,0,layer2,lightgbm,oot,sigmoid_2003H2,recorded charge-off within 36 months
1,-inf,0.00044436489335254124,10829,0.0002946563527131583,0.00027703389047926865,0.0,0.0005096309664952396,0,layer2_term,lightgbm,crisis,raw,recorded charge-off within 36 months
2,0.00044436489335254124,0.0007897416270058383,16465,0.000620370403016583,0.0006073489219556636,0.0002770228259940324,0.0010928757164862632,0,layer2_term,lightgbm,crisis,raw,recorded charge-off within 36 months
3,0.0007897416270058383,0.0011240581543441794,14290,0.0009495166041086672,0.0005598320503848845,0.0001707618067512443,0.0009592580315510104,0,layer2_term,lightgbm,crisis,raw,recorded charge-off within 36 months
4,0.0011240581543441794,0.0015838776711265858,14071,0.0013376891076724315,0.0016345675502807192,0.0008981663691998004,0.0023276316903409946,0,layer2_term,lightgbm,crisis,raw,recorded charge-off within 36 months
5,0.0015838776711265858,0.0026108556204349244,17835,0.0020368830965885884,0.005719091673675358,0.0037911467109988804,0.007892329305712282,0,layer2_term,lightgbm,crisis,raw,recorded charge-off within 36 months
6,0.0026108556204349244,0.005414515138785272,20604,0.0037984551932801805,0.016841390021355075,0.013184166050232687,0.020113834837391584,0,layer2_term,lightgbm,crisis,raw,recorded charge-off within 36 months
7,0.005414515138785272,0.010099155403171115,15483,0.007456991567624671,0.03997933217076794,0.030669638419332644,0.04999908860492493,0,layer2_term,lightgbm,crisis,raw,recorded charge-off within 36 months
8,0.010099155403171115,0.02438228198288389,18463,0.016099406394193577,0.09516329957211721,0.0738896709118449,0.1152141497225791,0,layer2_term,lightgbm,crisis,raw,recorded charge-off within 36 months
9,0.02438228198288389,0.08773251369345153,28059,0.04947309361042149,0.2299084072846502,0.20026314990708194,0.25961129638492675,0,layer2_term,lightgbm,crisis,raw,recorded charge-off within 36 months
10,0.08773251369345153,inf,25212,0.22799798575209915,0.5113438045375218,0.43073236822759786,0.5799441058502804,0,layer2_term,lightgbm,crisis,raw,recorded charge-off within 36 months
1,-inf,0.0004025364949464784,10829,0.0002556728003459371,0.00027703389047926865,0.0,0.0005096309664952396,0,layer2_term,lightgbm,crisis,sigmoid_2003H2,recorded charge-off within 36 months
2,0.0004025364949464784,0.0007694195896581691,16465,0.0005872898536463708,0.0006073489219556636,0.0002770228259940324,0.0010928757164862632,0,layer2_term,lightgbm,crisis,sigmoid_2003H2,recorded charge-off within 36 months
3,0.0007694195896581691,0.0011451611176376967,14290,0.0009475934734434499,0.0005598320503848845,0.0001707618067512443,0.0009592580315510104,0,layer2_term,lightgbm,crisis,sigmoid_2003H2,recorded charge-off within 36 months
4,0.0011451611176376967,0.0016851400609173457,14071,0.0013940998359624288,0.0016345675502807192,0.0008981663691998004,0.0023276316903409946,0,layer2_term,lightgbm,crisis,sigmoid_2003H2,recorded charge-off within 36 months
5,0.0016851400609173457,0.0029587853826325864,17835,0.002240421174742184,0.005719091673675358,0.0037911467109988804,0.007892329305712282,0,layer2_term,lightgbm,crisis,sigmoid_2003H2,recorded charge-off within 36 months
6,0.0029587853826325864,0.006725257964530995,20604,0.004526860529074162,0.016841390021355075,0.013184166050232687,0.020113834837391584,0,layer2_term,lightgbm,crisis,sigmoid_2003H2,recorded charge-off within 36 months
7,0.006725257964530995,0.013552111445553407,15483,0.009659896833474693,0.03997933217076794,0.030669638419332644,0.04999908860492493,0,layer2_term,lightgbm,crisis,sigmoid_2003H2,recorded charge-off within 36 months
8,0.013552111445553407,0.03632470947298996,18463,0.022946358746360394,0.09516329957211721,0.0738896709118449,0.1152141497225791,0,layer2_term,lightgbm,crisis,sigmoid_2003H2,recorded charge-off within 36 months
9,0.03632470947298996,0.1467703814058767,28059,0.07957135942166566,0.2299084072846502,0.20026314990708194,0.25961129638492675,0,layer2_term,lightgbm,crisis,sigmoid_2003H2,recorded charge-off within 36 months
10,0.1467703814058767,inf,25212,0.3586724833880186,0.5113438045375218,0.43073236822759786,0.5799441058502804,0,layer2_term,lightgbm,crisis,sigmoid_2003H2,recorded charge-off within 36 months
1,-inf,0.00044436489335254124,16461,0.00026584201993475704,0.0,0.0,0.0,0,layer2_term,lightgbm,oot,raw,recorded charge-off within 36 months
2,0.00044436489335254124,0.0007897416270058383,16164,0.0006146499500192422,6.186587478346944e-05,0.0,0.0002227369930930502,0,layer2_term,lightgbm,oot,raw,recorded charge-off within 36 months
3,0.0007897416270058383,0.0011240581543441794,13297,0.0009510413053959843,0.0001504098668872678,0.0,0.00039799430188568343,0,layer2_term,lightgbm,oot,raw,recorded charge-off within 36 months
4,0.0011240581543441794,0.0015838776711265858,12544,0.0013341069914994128,0.00015943877551020407,0.0,0.00037223680510130476,0,layer2_term,lightgbm,oot,raw,recorded charge-off within 36 months
5,0.0015838776711265858,0.0026108556204349244,12775,0.002020706537021949,0.0003913894324853229,8.639298031434997e-05,0.0007854507041673345,0,layer2_term,lightgbm,oot,raw,recorded charge-off within 36 months
6,0.0026108556204349244,0.005414515138785272,13703,0.0038060792349457378,0.0024082317740640735,0.0013095342606118932,0.003585373625477175,0,layer2_term,lightgbm,oot,raw,recorded charge-off within 36 months
7,0.005414515138785272,0.010099155403171115,10066,0.007426707428384861,0.0076495132127955496,0.005762848956605929,0.009535692276262107,0,layer2_term,lightgbm,oot,raw,recorded charge-off within 36 months
8,0.010099155403171115,0.02438228198288389,10598,0.01596961821331945,0.021890922815625588,0.018250811158558186,0.025756235445030175,0,layer2_term,lightgbm,oot,raw,recorded charge-off within 36 months
9,0.02438228198288389,0.08773251369345153,9591,0.045258809770508085,0.052653529350432694,0.0446447587937521,0.06195303520684758,0,layer2_term,lightgbm,oot,raw,recorded charge-off within 36 months
10,0.08773251369345153,inf,4803,0.2118442747576036,0.19362898188632105,0.1557766245448826,0.2370419054142869,0,layer2_term,lightgbm,oot,raw,recorded charge-off within 36 months
1,-inf,0.0004025364949464784,16461,0.0002284679857826518,0.0,0.0,0.0,0,layer2_term,lightgbm,oot,sigmoid_2003H2,recorded charge-off within 36 months
2,0.0004025364949464784,0.0007694195896581691,16164,0.0005812224196731721,6.186587478346944e-05,0.0,0.0002227369930930502,0,layer2_term,lightgbm,oot,sigmoid_2003H2,recorded charge-off within 36 months
3,0.0007694195896581691,0.0011451611176376967,13297,0.0009493169018491323,0.0001504098668872678,0.0,0.00039799430188568343,0,layer2_term,lightgbm,oot,sigmoid_2003H2,recorded charge-off within 36 months
4,0.0011451611176376967,0.0016851400609173457,12544,0.001389886081751468,0.00015943877551020407,0.0,0.00037223680510130476,0,layer2_term,lightgbm,oot,sigmoid_2003H2,recorded charge-off within 36 months
5,0.0016851400609173457,0.0029587853826325864,12775,0.002220389306610997,0.0003913894324853229,8.639298031434997e-05,0.0007854507041673345,0,layer2_term,lightgbm,oot,sigmoid_2003H2,recorded charge-off within 36 months
6,0.0029587853826325864,0.006725257964530995,13703,0.004537011218705302,0.0024082317740640735,0.0013095342606118932,0.003585373625477175,0,layer2_term,lightgbm,oot,sigmoid_2003H2,recorded charge-off within 36 months
7,0.006725257964530995,0.013552111445553407,10066,0.009615966585218995,0.0076495132127955496,0.005762848956605929,0.009535692276262107,0,layer2_term,lightgbm,oot,sigmoid_2003H2,recorded charge-off within 36 months
8,0.013552111445553407,0.03632470947298996,10598,0.02273943675091679,0.021890922815625588,0.018250811158558186,0.025756235445030175,0,layer2_term,lightgbm,oot,sigmoid_2003H2,recorded charge-off within 36 months
9,0.03632470947298996,0.1467703814058767,9591,0.07223725669909448,0.052653529350432694,0.0446447587937521,0.06195303520684758,0,layer2_term,lightgbm,oot,sigmoid_2003H2,recorded charge-off within 36 months
10,0.1467703814058767,inf,4803,0.33279538134231607,0.19362898188632105,0.1557766245448826,0.2370419054142869,0,layer2_term,lightgbm,oot,sigmoid_2003H2,recorded charge-off within 36 months
