year,LoanStatus,role,n,recorded_charge_offs_36m
1990.0,CHGOFF,outside_frozen_cohorts,30,8
1990.0,EXEMPT,outside_frozen_cohorts,2,0
1990.0,PIF,outside_frozen_cohorts,242,0
1991.0,CHGOFF,train,1880,482
1991.0,EXEMPT,train,103,0
1991.0,PIF,train,12432,0
1992.0,CHGOFF,train,1836,447
1992.0,EXEMPT,train,155,0
1992.0,PIF,train,17588,0
1993.0,CHGOFF,train,1825,449
1993.0,EXEMPT,train,164,0
1993.0,PIF,train,20051,0
1994.0,CHGOFF,train,3176,1003
1994.0,EXEMPT,train,189,0
1994.0,PIF,train,27526,0
1995.0,CHGOFF,train,5774,2053
1995.0,EXEMPT,train,297,0
1995.0,PIF,train,40034,0
1996.0,CHGOFF,train,4851,1581
1996.0,EXEMPT,train,202,0
1996.0,PIF,train,32354,0
1997.0,CHGOFF,train,5227,1647
1997.0,EXEMPT,train,219,0
1997.0,PIF,train,34894,0
1998.0,CHGOFF,train,4676,1294
1998.0,EXEMPT,train,158,0
1998.0,PIF,train,29758,0
1999.0,CHGOFF,train,5469,1470
1999.0,EXEMPT,train,133,0
1999.0,PIF,train,33496,0
2000.0,CHGOFF,train,5718,1602
2000.0,EXEMPT,train,72,0
2000.0,PIF,train,33357,0
2001.0,CHGOFF,train,5361,1137
2001.0,EXEMPT,train,88,0
2001.0,PIF,train,31184,0
2002.0,CHGOFF,train,6258,838
2002.0,EXEMPT,train,133,0
2002.0,PIF,train,38805,0
2003.0,CHGOFF,calibrate,5477,1426
2003.0,CHGOFF,tune,4320,876
2003.0,EXEMPT,calibrate,102,0
2003.0,EXEMPT,tune,63,0
2003.0,PIF,calibrate,26376,0
2003.0,PIF,tune,23258,0
2004.0,CHGOFF,buffer,14072,3211
2004.0,EXEMPT,buffer,285,0
2004.0,PIF,buffer,58137,0
2005.0,CHGOFF,buffer,20796,4932
2005.0,EXEMPT,buffer,425,0
2005.0,PIF,buffer,59636,0
2006.0,CHGOFF,reference,29146,8428
2006.0,EXEMPT,reference,544,0
2006.0,PIF,reference,59312,0
2007.0,CHGOFF,crisis,31888,13651
2007.0,EXEMPT,crisis,613,0
2007.0,PIF,crisis,53516,0
2008.0,CHGOFF,crisis,15066,6534
2008.0,EXEMPT,crisis,697,0
2008.0,PIF,crisis,40929,0
2009.0,CHGOFF,crisis,5343,2027
2009.0,EXEMPT,crisis,475,0
2009.0,PIF,crisis,32784,0
2010.0,CHGOFF,outside_frozen_cohorts,3511,918
2010.0,EXEMPT,outside_frozen_cohorts,692,0
2010.0,PIF,outside_frozen_cohorts,36997,0
2011.0,CHGOFF,oot,2841,648
2011.0,EXEMPT,oot,947,0
2011.0,PIF,oot,38322,0
2012.0,CHGOFF,oot,2386,573
2012.0,EXEMPT,oot,1169,0
2012.0,PIF,oot,34459,0
2013.0,CHGOFF,oot,2411,566
2013.0,EXEMPT,oot,1644,0
2013.0,PIF,oot,35823,0
2014.0,CHGOFF,outside_frozen_cohorts,3132,723
2014.0,EXEMPT,outside_frozen_cohorts,2234,0
2014.0,PIF,outside_frozen_cohorts,41912,0
2015.0,CHGOFF,outside_frozen_cohorts,3711,986
2015.0,EXEMPT,outside_frozen_cohorts,3289,0
2015.0,PIF,outside_frozen_cohorts,46673,0
2016.0,CHGOFF,outside_frozen_cohorts,4093,1217
2016.0,EXEMPT,outside_frozen_cohorts,5825,0
2016.0,PIF,outside_frozen_cohorts,45913,0
2017.0,CHGOFF,outside_frozen_cohorts,4512,1163
2017.0,EXEMPT,outside_frozen_cohorts,9444,0
2017.0,PIF,outside_frozen_cohorts,44090,0
2018.0,CHGOFF,outside_frozen_cohorts,4078,934
2018.0,EXEMPT,outside_frozen_cohorts,12128,0
2018.0,PIF,outside_frozen_cohorts,37042,0
2019.0,CHGOFF,outside_frozen_cohorts,2936,754
2019.0,EXEMPT,outside_frozen_cohorts,14472,0
2019.0,PIF,outside_frozen_cohorts,28731,0
2020.0,CHGOFF,outside_frozen_cohorts,1285,298
2020.0,EXEMPT,outside_frozen_cohorts,13041,0
2020.0,PIF,outside_frozen_cohorts,20544,0
2021.0,CHGOFF,outside_frozen_cohorts,1402,431
2021.0,EXEMPT,outside_frozen_cohorts,25678,0
2021.0,PIF,outside_frozen_cohorts,19643,0
2022.0,CHGOFF,outside_frozen_cohorts,1829,993
2022.0,EXEMPT,outside_frozen_cohorts,31897,0
2022.0,PIF,outside_frozen_cohorts,11114,0
2023.0,CHGOFF,outside_frozen_cohorts,879,720
2023.0,EXEMPT,outside_frozen_cohorts,18978,0
2023.0,PIF,outside_frozen_cohorts,4168,0
