flag,n,file
wrong_program,0,FOIA_7a_FY1991_FY1999_asof_260630.csv
cancelled_or_committed,43666,FOIA_7a_FY1991_FY1999_asof_260630.csv
unknown_status,0,FOIA_7a_FY1991_FY1999_asof_260630.csv
missing_disbursement,43915,FOIA_7a_FY1991_FY1999_asof_260630.csv
incomplete_window,0,FOIA_7a_FY1991_FY1999_asof_260630.csv
invalid_approval_amount,3,FOIA_7a_FY1991_FY1999_asof_260630.csv
unmapped_state,6507,FOIA_7a_FY1991_FY1999_asof_260630.csv
date_or_status_contradiction,550,FOIA_7a_FY1991_FY1999_asof_260630.csv
wrong_program,0,FOIA_7a_FY2000_FY2009_asof_260630.csv
cancelled_or_committed,82276,FOIA_7a_FY2000_FY2009_asof_260630.csv
unknown_status,0,FOIA_7a_FY2000_FY2009_asof_260630.csv
missing_disbursement,83556,FOIA_7a_FY2000_FY2009_asof_260630.csv
incomplete_window,2,FOIA_7a_FY2000_FY2009_asof_260630.csv
invalid_approval_amount,0,FOIA_7a_FY2000_FY2009_asof_260630.csv
unmapped_state,8428,FOIA_7a_FY2000_FY2009_asof_260630.csv
date_or_status_contradiction,629,FOIA_7a_FY2000_FY2009_asof_260630.csv
wrong_program,0,FOIA_7a_FY2010_FY2019_asof_260630.csv
cancelled_or_committed,66788,FOIA_7a_FY2010_FY2019_asof_260630.csv
unknown_status,0,FOIA_7a_FY2010_FY2019_asof_260630.csv
missing_disbursement,67051,FOIA_7a_FY2010_FY2019_asof_260630.csv
incomplete_window,26,FOIA_7a_FY2010_FY2019_asof_260630.csv
invalid_approval_amount,0,FOIA_7a_FY2010_FY2019_asof_260630.csv
unmapped_state,5236,FOIA_7a_FY2010_FY2019_asof_260630.csv
date_or_status_contradiction,445,FOIA_7a_FY2010_FY2019_asof_260630.csv
wrong_program,0,FOIA_7a_FY2020_Present_asof_260630.csv
cancelled_or_committed,71183,FOIA_7a_FY2020_Present_asof_260630.csv
unknown_status,0,FOIA_7a_FY2020_Present_asof_260630.csv
missing_disbursement,71186,FOIA_7a_FY2020_Present_asof_260630.csv
incomplete_window,160499,FOIA_7a_FY2020_Present_asof_260630.csv
invalid_approval_amount,0,FOIA_7a_FY2020_Present_asof_260630.csv
unmapped_state,3377,FOIA_7a_FY2020_Present_asof_260630.csv
date_or_status_contradiction,49,FOIA_7a_FY2020_Present_asof_260630.csv
