loan_type,size_band,variant,cohorts,cell_recorded_charge_offs,valid_cell_n,excluded_severity_n,pool,pooled_n,lgd_proxy,ratios_above_one,ead_definition,lgd_definition
term,<=150k,downturn,"1991,2000,2001",2008,2008,0,cell,2008,0.7334870070800709,59,GrossApproval full-disbursement proxy; CCF=100%,gross charged-off balance / GrossApproval; not net-of-recovery LGD
term,150k-350k,downturn,"1991,2000,2001",443,443,0,cell,443,0.7049173770379804,15,GrossApproval full-disbursement proxy; CCF=100%,gross charged-off balance / GrossApproval; not net-of-recovery LGD
term,350k-1m,downturn,"1991,2000,2001",273,273,0,cell,273,0.6890170168389095,17,GrossApproval full-disbursement proxy; CCF=100%,gross charged-off balance / GrossApproval; not net-of-recovery LGD
term,>1m,downturn,"1991,2000,2001",34,34,0,loan_type,2758,0.6982066742411701,91,GrossApproval full-disbursement proxy; CCF=100%,gross charged-off balance / GrossApproval; not net-of-recovery LGD
revolving,<=150k,downturn,"1991,2000,2001",457,457,0,cell,457,0.9054318948507744,20,GrossApproval full-disbursement proxy; CCF=100%,gross charged-off balance / GrossApproval; not net-of-recovery LGD
revolving,150k-350k,downturn,"1991,2000,2001",3,3,0,loan_type,463,0.8730097110816915,20,GrossApproval full-disbursement proxy; CCF=100%,gross charged-off balance / GrossApproval; not net-of-recovery LGD
revolving,350k-1m,downturn,"1991,2000,2001",3,3,0,loan_type,463,0.8730097110816915,20,GrossApproval full-disbursement proxy; CCF=100%,gross charged-off balance / GrossApproval; not net-of-recovery LGD
revolving,>1m,downturn,"1991,2000,2001",0,0,0,loan_type,463,0.8730097110816915,20,GrossApproval full-disbursement proxy; CCF=100%,gross charged-off balance / GrossApproval; not net-of-recovery LGD
unknown,<=150k,downturn,"1991,2000,2001",0,0,0,overall_selected_training_cohorts,3221,0.7061521908031952,111,GrossApproval full-disbursement proxy; CCF=100%,gross charged-off balance / GrossApproval; not net-of-recovery LGD
unknown,150k-350k,downturn,"1991,2000,2001",0,0,0,overall_selected_training_cohorts,3221,0.7061521908031952,111,GrossApproval full-disbursement proxy; CCF=100%,gross charged-off balance / GrossApproval; not net-of-recovery LGD
unknown,350k-1m,downturn,"1991,2000,2001",0,0,0,overall_selected_training_cohorts,3221,0.7061521908031952,111,GrossApproval full-disbursement proxy; CCF=100%,gross charged-off balance / GrossApproval; not net-of-recovery LGD
unknown,>1m,downturn,"1991,2000,2001",0,0,0,overall_selected_training_cohorts,3221,0.7061521908031952,111,GrossApproval full-disbursement proxy; CCF=100%,gross charged-off balance / GrossApproval; not net-of-recovery LGD
