comparison,family,role,calibration,metric,difference,lower,upper,undefined_draws
layer1_term minus layer1,elasticnet,crisis,raw,auc,0.03192806626861899,0.02336675319558154,0.03742188040937721,0
layer1_term minus layer1,elasticnet,crisis,raw,average_precision,0.024530002062103595,0.01620720756945175,0.029250962262124636,0
layer1_term minus layer1,elasticnet,crisis,raw,brier,-0.00043295238512744416,-0.0011561054197912063,0.00024517656582638244,0
layer1_term minus layer1,elasticnet,crisis,raw,calibration_intercept,0.21930659046020573,0.11903298803568318,0.2916973785556314,0
layer1_term minus layer1,elasticnet,crisis,raw,calibration_slope,0.04614019457111779,0.013926771245477872,0.06965953764605189,0
layer1_term minus layer1,elasticnet,crisis,sigmoid_2003H2,auc,0.03192806626861899,0.02336675319558154,0.03742188040937721,0
layer1_term minus layer1,elasticnet,crisis,sigmoid_2003H2,average_precision,0.024530002062103595,0.01620720756945175,0.029250962262124636,0
layer1_term minus layer1,elasticnet,crisis,sigmoid_2003H2,brier,-0.0009662063673401972,-0.0017724530190951846,-0.00025104060171039154,0
layer1_term minus layer1,elasticnet,crisis,sigmoid_2003H2,calibration_intercept,0.22812900642394063,0.11229141561698357,0.3103087021643709,0
layer1_term minus layer1,elasticnet,crisis,sigmoid_2003H2,calibration_slope,0.06806497402119183,0.029723389143416386,0.09566575540754217,0
layer1_term minus layer1,elasticnet,oot,raw,auc,0.044657719977123755,0.0385184314785304,0.05213253837685962,0
layer1_term minus layer1,elasticnet,oot,raw,average_precision,0.006679719183163662,0.004719890748600129,0.008392864354284062,0
layer1_term minus layer1,elasticnet,oot,raw,brier,4.7212032136007e-05,-0.00015022993557196624,0.00028186486465854767,0
layer1_term minus layer1,elasticnet,oot,raw,calibration_intercept,0.21105433107572336,0.07721103763774256,0.33783804672243184,0
layer1_term minus layer1,elasticnet,oot,raw,calibration_slope,0.04624653621249919,0.006884066965886777,0.08416404205011116,0
layer1_term minus layer1,elasticnet,oot,sigmoid_2003H2,auc,0.044657719977123755,0.0385184314785304,0.05213253837685962,0
layer1_term minus layer1,elasticnet,oot,sigmoid_2003H2,average_precision,0.006679719183163662,0.004719890748600129,0.008392864354284062,0
layer1_term minus layer1,elasticnet,oot,sigmoid_2003H2,brier,0.00016558518978681408,3.425594298894037e-05,0.0003294637455669584,0
layer1_term minus layer1,elasticnet,oot,sigmoid_2003H2,calibration_intercept,0.21463414136246106,0.06076722832922952,0.36183207126664346,0
layer1_term minus layer1,elasticnet,oot,sigmoid_2003H2,calibration_slope,0.07294824928242716,0.027689010934772263,0.11692539789469396,0
layer1_term minus layer1,lightgbm,crisis,raw,auc,0.2747026865156419,0.2582292248735368,0.2880351879186384,0
layer1_term minus layer1,lightgbm,crisis,raw,average_precision,0.3624339278747266,0.277992497728865,0.4128043743985076,0
layer1_term minus layer1,lightgbm,crisis,raw,brier,-0.028702237723942023,-0.04098878916430788,-0.017551902962291234,0
layer1_term minus layer1,lightgbm,crisis,raw,calibration_intercept,1.2468121582514171,1.0332805761965804,1.416510969392079,0
layer1_term minus layer1,lightgbm,crisis,raw,calibration_slope,0.3740543997541501,0.31397093420607247,0.41655308796213636,0
layer1_term minus layer1,lightgbm,crisis,sigmoid_2003H2,auc,0.2747026865156419,0.2582292248735368,0.2880351879186384,0
layer1_term minus layer1,lightgbm,crisis,sigmoid_2003H2,average_precision,0.3624339278747266,0.277992497728865,0.4128043743985076,0
layer1_term minus layer1,lightgbm,crisis,sigmoid_2003H2,brier,-0.030936514656628555,-0.04465320756114691,-0.018457526487240368,0
layer1_term minus layer1,lightgbm,crisis,sigmoid_2003H2,calibration_intercept,0.6081210879581787,0.3245715577710396,0.8383341878508306,0
layer1_term minus layer1,lightgbm,crisis,sigmoid_2003H2,calibration_slope,0.17121369251358676,0.08767305060647185,0.23381029398635295,0
layer1_term minus layer1,lightgbm,oot,raw,auc,0.26228684369797406,0.23943615983425465,0.2851150459111032,0
layer1_term minus layer1,lightgbm,oot,raw,average_precision,0.2183801924548615,0.1484308607837381,0.2918051082876014,0
layer1_term minus layer1,lightgbm,oot,raw,brier,-0.0037058027558428703,-0.00462219085873108,-0.0027199007709520348,0
layer1_term minus layer1,lightgbm,oot,raw,calibration_intercept,1.8785694199326581,1.6390942739492513,2.119376887530367,0
layer1_term minus layer1,lightgbm,oot,raw,calibration_slope,0.38464829262661204,0.31682423698165024,0.4527326084956728,0
layer1_term minus layer1,lightgbm,oot,sigmoid_2003H2,auc,0.26228684369797406,0.23943615983425465,0.2851150459111032,0
layer1_term minus layer1,lightgbm,oot,sigmoid_2003H2,average_precision,0.2183801924548615,0.1484308607837381,0.2918051082876014,0
layer1_term minus layer1,lightgbm,oot,sigmoid_2003H2,brier,-0.0024521408510599935,-0.003330561198381981,-0.0015021541206132083,0
layer1_term minus layer1,lightgbm,oot,sigmoid_2003H2,calibration_intercept,1.1212982178185027,0.8104267810236832,1.4417531641444028,0
layer1_term minus layer1,lightgbm,oot,sigmoid_2003H2,calibration_slope,0.14121654811120232,0.047728614694499856,0.23930770083684672,0
layer2_term minus layer2,lightgbm,crisis,raw,auc,0.2628907269361329,0.24944841545923638,0.27583664887607723,0
layer2_term minus layer2,lightgbm,crisis,raw,average_precision,0.3657824906957635,0.2863170768712733,0.4115815356826786,0
layer2_term minus layer2,lightgbm,crisis,raw,brier,-0.018612628506515683,-0.026620213322171325,-0.011357276672014503,0
layer2_term minus layer2,lightgbm,crisis,raw,calibration_intercept,2.10635068611273,1.9572085059033402,2.253439628193459,0
layer2_term minus layer2,lightgbm,crisis,raw,calibration_slope,0.5277341122002552,0.4796158405710465,0.5639747571560607,0
layer2_term minus layer2,lightgbm,crisis,sigmoid_2003H2,auc,0.2628907269361329,0.24944841545923638,0.27583664887607723,0
layer2_term minus layer2,lightgbm,crisis,sigmoid_2003H2,average_precision,0.3657824906957635,0.2863170768712733,0.4115815356826786,0
layer2_term minus layer2,lightgbm,crisis,sigmoid_2003H2,brier,-0.025942832409253075,-0.03657756043827299,-0.01618578372196606,0
layer2_term minus layer2,lightgbm,crisis,sigmoid_2003H2,calibration_intercept,1.2065831901466384,1.0343593693421047,1.398216343194658,0
layer2_term minus layer2,lightgbm,crisis,sigmoid_2003H2,calibration_slope,0.2949848085870962,0.23184173827029694,0.34934734023278746,0
layer2_term minus layer2,lightgbm,oot,raw,auc,0.2520530832147595,0.22846417921448495,0.27643457019307993,0
layer2_term minus layer2,lightgbm,oot,raw,average_precision,0.24134001268639524,0.16666667464410714,0.3092957495078198,0
layer2_term minus layer2,lightgbm,oot,raw,brier,-0.0037159664888292837,-0.004853817642796322,-0.0025588758908484614,0
layer2_term minus layer2,lightgbm,oot,raw,calibration_intercept,2.251850216312918,2.0097579701562505,2.535994945786598,0
layer2_term minus layer2,lightgbm,oot,raw,calibration_slope,0.4765366579055689,0.3992111755160459,0.5700855558610602,0
layer2_term minus layer2,lightgbm,oot,sigmoid_2003H2,auc,0.2520530832147595,0.22846417921448495,0.27643457019307993,0
layer2_term minus layer2,lightgbm,oot,sigmoid_2003H2,average_precision,0.24134001268639524,0.16666667464410714,0.3092957495078198,0
layer2_term minus layer2,lightgbm,oot,sigmoid_2003H2,brier,-0.003554777940467397,-0.0046982321255617625,-0.002265821473953772,0
layer2_term minus layer2,lightgbm,oot,sigmoid_2003H2,calibration_intercept,1.2335669048699152,0.9495544112881701,1.5605623529295674,0
layer2_term minus layer2,lightgbm,oot,sigmoid_2003H2,calibration_slope,0.1932928649110266,0.08451116660630525,0.3129386348943685,0
