feature,role,psi,training_n,test_n,epsilon
log_approval,crisis,0.4518773600997664,405443,181311,1e-06
guarantee_share,crisis,2.0215209811224852,405443,181311,1e-06
InitialInterestRate,crisis,2.5173728980548185,405443,181311,1e-06
log_jobs,crisis,1.9126721789040224,405443,181311,1e-06
ProcessingMethod,crisis,3.9850342695476684,405443,181311,1e-06
FixedorVariableInterestInd,crisis,2.517448443292962,405443,181311,1e-06
naics2,crisis,4.838988695831827,405443,181311,1e-06
BusinessType,crisis,0.14998242142874912,405443,181311,1e-06
BusinessAge,crisis,4.36371964655119,405443,181311,1e-06
franchise,crisis,0.00959805784785188,405443,181311,1e-06
loan_type,crisis,0.998903668547076,405443,181311,1e-06
ProjectState,crisis,0.10632353373082971,405443,181311,1e-06
TermInMonths,crisis,0.23500769036042585,405443,181311,1e-06
u0,crisis,0.20500710700854702,405443,181311,1e-06
du,crisis,2.2542224099032175,405443,181311,1e-06
peak_du,crisis,2.5878648523033925,405443,181311,1e-06
h0,crisis,1.9823812778194847,405443,181311,1e-06
dh,crisis,10.036969690522039,405443,181311,1e-06
year_trend,crisis,10.517944875259028,405443,181311,1e-06
log_approval,oot,0.19722052935359854,405443,120002,1e-06
guarantee_share,oot,2.092707617064346,405443,120002,1e-06
InitialInterestRate,oot,19.361338168776836,405443,120002,1e-06
log_jobs,oot,1.507183912370998,405443,120002,1e-06
ProcessingMethod,oot,4.450344155335975,405443,120002,1e-06
FixedorVariableInterestInd,oot,19.361338168776836,405443,120002,1e-06
naics2,oot,4.646012174670933,405443,120002,1e-06
BusinessType,oot,0.3477168795450288,405443,120002,1e-06
BusinessAge,oot,7.184872898368264,405443,120002,1e-06
franchise,oot,0.0005699287712966317,405443,120002,1e-06
loan_type,oot,0.7384251259289888,405443,120002,1e-06
ProjectState,oot,0.11488799336415584,405443,120002,1e-06
TermInMonths,oot,0.088945789134716,405443,120002,1e-06
u0,oot,2.3909050380336483,405443,120002,1e-06
du,oot,5.020884643934636,405443,120002,1e-06
peak_du,oot,3.4047951905224894,405443,120002,1e-06
h0,oot,1.793802091642822,405443,120002,1e-06
dh,oot,0.8369236045599115,405443,120002,1e-06
year_trend,oot,10.517944875259028,405443,120002,1e-06
