variant,family,role,rule,test_n,accepted_n,valid_loss_n,accepted_recorded_rate,accepted_mean_pd,approval_exposure_usd,expected_loss_usd,sba_loss_usd,lender_loss_usd,ead_definition,lgd_definition,allocation,interpretation
layer1,elasticnet,crisis,70% lowest calibrated PD; floor(n*0.70); file/row ties,181311,126917,126917,0.10381587966939024,0.03218510399958235,30247151361.260002,409216978.1343427,286429012.35323036,122787965.78111227,GrossApproval full-disbursement proxy; CCF=100%,gross charged-off balance / GrossApproval; not net-of-recovery LGD,pro-rata guarantee share; not observed payout or fiscal cost,fixed score allocation diagnostic; no operational approval claim
layer1,elasticnet,oot,70% lowest calibrated PD; floor(n*0.70); file/row ties,120002,84001,84001,0.0101189271556291,0.021741930202195676,41368267925.0,399032644.4433179,292644903.5802711,106387740.86304678,GrossApproval full-disbursement proxy; CCF=100%,gross charged-off balance / GrossApproval; not net-of-recovery LGD,pro-rata guarantee share; not observed payout or fiscal cost,fixed score allocation diagnostic; no operational approval claim
layer1,lightgbm,crisis,70% lowest calibrated PD; floor(n*0.70); file/row ties,181311,126917,126917,0.09724465595625488,0.03051934062492755,30009067068.260002,395927562.43096375,279562408.23649967,116365154.19446404,GrossApproval full-disbursement proxy; CCF=100%,gross charged-off balance / GrossApproval; not net-of-recovery LGD,pro-rata guarantee share; not observed payout or fiscal cost,fixed score allocation diagnostic; no operational approval claim
layer1,lightgbm,oot,70% lowest calibrated PD; floor(n*0.70); file/row ties,120002,84001,84001,0.009940357852882704,0.020326459972698656,41435259125.0,380629762.4220227,279066269.49325275,101563492.92876986,GrossApproval full-disbursement proxy; CCF=100%,gross charged-off balance / GrossApproval; not net-of-recovery LGD,pro-rata guarantee share; not observed payout or fiscal cost,fixed score allocation diagnostic; no operational approval claim
layer1_term,elasticnet,crisis,70% lowest calibrated PD; floor(n*0.70); file/row ties,181311,126917,126917,0.09021644066594704,0.029981313702925352,28970803713.6,364625228.6284529,257626081.26642996,106999147.36202294,GrossApproval full-disbursement proxy; CCF=100%,gross charged-off balance / GrossApproval; not net-of-recovery LGD,pro-rata guarantee share; not observed payout or fiscal cost,fixed score allocation diagnostic; no operational approval claim
layer1_term,elasticnet,oot,70% lowest calibrated PD; floor(n*0.70); file/row ties,120002,84001,84001,0.008904655896953608,0.02022539147799563,39672426625.0,312811779.4078355,227596676.6206117,85215102.78722373,GrossApproval full-disbursement proxy; CCF=100%,gross charged-off balance / GrossApproval; not net-of-recovery LGD,pro-rata guarantee share; not observed payout or fiscal cost,fixed score allocation diagnostic; no operational approval claim
layer1_term,lightgbm,crisis,70% lowest calibrated PD; floor(n*0.70); file/row ties,181311,126917,126917,0.02185680405304254,0.004790990353216623,26940590309.690002,71702915.9132385,51587093.01337298,20115822.899865516,GrossApproval full-disbursement proxy; CCF=100%,gross charged-off balance / GrossApproval; not net-of-recovery LGD,pro-rata guarantee share; not observed payout or fiscal cost,fixed score allocation diagnostic; no operational approval claim
layer1_term,lightgbm,oot,70% lowest calibrated PD; floor(n*0.70); file/row ties,120002,84001,84001,0.00041666170640825706,0.0007210475111468073,36197242300.0,10337353.830196865,7461524.725015039,2875829.1051818253,GrossApproval full-disbursement proxy; CCF=100%,gross charged-off balance / GrossApproval; not net-of-recovery LGD,pro-rata guarantee share; not observed payout or fiscal cost,fixed score allocation diagnostic; no operational approval claim
layer2,lightgbm,crisis,70% lowest calibrated PD; floor(n*0.70); file/row ties,181311,126917,126917,0.09606278118770535,0.0394788640258529,30057845702.260002,438587077.5260807,303360561.7923127,135226515.73376808,GrossApproval full-disbursement proxy; CCF=100%,gross charged-off balance / GrossApproval; not net-of-recovery LGD,pro-rata guarantee share; not observed payout or fiscal cost,fixed score allocation diagnostic; no operational approval claim
layer2,lightgbm,oot,70% lowest calibrated PD; floor(n*0.70); file/row ties,120002,84001,84001,0.00972607468958703,0.02364059551749706,41997362725.0,405794376.7809608,293804094.8757217,111990281.90523908,GrossApproval full-disbursement proxy; CCF=100%,gross charged-off balance / GrossApproval; not net-of-recovery LGD,pro-rata guarantee share; not observed payout or fiscal cost,fixed score allocation diagnostic; no operational approval claim
layer2_term,lightgbm,crisis,70% lowest calibrated PD; floor(n*0.70); file/row ties,181311,126917,126917,0.021352537485128074,0.0056141056970568865,27582564020.03,82376867.0581067,59062509.64225536,23314357.415851347,GrossApproval full-disbursement proxy; CCF=100%,gross charged-off balance / GrossApproval; not net-of-recovery LGD,pro-rata guarantee share; not observed payout or fiscal cost,fixed score allocation diagnostic; no operational approval claim
layer2_term,lightgbm,oot,70% lowest calibrated PD; floor(n*0.70); file/row ties,120002,84001,84001,0.00045237556695753623,0.0015190351094105747,36677355925.0,23468472.03069782,17002514.61353889,6465957.417158929,GrossApproval full-disbursement proxy; CCF=100%,gross charged-off balance / GrossApproval; not net-of-recovery LGD,pro-rata guarantee share; not observed payout or fiscal cost,fixed score allocation diagnostic; no operational approval claim
