role,feature,n,missing
buffer,log_approval,153351,0
buffer,guarantee_share,153351,0
buffer,InitialInterestRate,153351,153351
buffer,log_jobs,153351,0
buffer,TermInMonths,153351,0
calibrate,log_approval,31955,0
calibrate,guarantee_share,31955,0
calibrate,InitialInterestRate,31955,31955
calibrate,log_jobs,31955,0
calibrate,TermInMonths,31955,0
crisis,log_approval,181311,0
crisis,guarantee_share,181311,0
crisis,InitialInterestRate,181311,144631
crisis,log_jobs,181311,0
crisis,TermInMonths,181311,0
oot,log_approval,120002,0
oot,guarantee_share,120002,0
oot,InitialInterestRate,120002,435
oot,log_jobs,120002,0
oot,TermInMonths,120002,0
outside_frozen_cohorts,log_approval,506147,0
outside_frozen_cohorts,guarantee_share,506147,0
outside_frozen_cohorts,InitialInterestRate,506147,943
outside_frozen_cohorts,log_jobs,506147,0
outside_frozen_cohorts,TermInMonths,506147,0
reference,log_approval,89002,0
reference,guarantee_share,89002,0
reference,InitialInterestRate,89002,89002
reference,log_jobs,89002,0
reference,TermInMonths,89002,0
train,log_approval,405443,0
train,guarantee_share,405443,0
train,InitialInterestRate,405443,405443
train,log_jobs,405443,0
train,TermInMonths,405443,0
tune,log_approval,27641,0
tune,guarantee_share,27641,0
tune,InitialInterestRate,27641,27641
tune,log_jobs,27641,0
tune,TermInMonths,27641,0
