step,excluded,remaining,file
all_source_rows,0,337033,FOIA_7a_FY1991_FY1999_asof_260630.csv
wrong_program,0,337033,FOIA_7a_FY1991_FY1999_asof_260630.csv
cancelled_or_committed,43666,293367,FOIA_7a_FY1991_FY1999_asof_260630.csv
unknown_status,0,293367,FOIA_7a_FY1991_FY1999_asof_260630.csv
missing_disbursement,249,293118,FOIA_7a_FY1991_FY1999_asof_260630.csv
incomplete_window,0,293118,FOIA_7a_FY1991_FY1999_asof_260630.csv
invalid_approval_amount,1,293117,FOIA_7a_FY1991_FY1999_asof_260630.csv
unmapped_state,5742,287375,FOIA_7a_FY1991_FY1999_asof_260630.csv
date_or_status_contradiction,547,286828,FOIA_7a_FY1991_FY1999_asof_260630.csv
all_source_rows,0,690333,FOIA_7a_FY2000_FY2009_asof_260630.csv
wrong_program,0,690333,FOIA_7a_FY2000_FY2009_asof_260630.csv
cancelled_or_committed,82276,608057,FOIA_7a_FY2000_FY2009_asof_260630.csv
unknown_status,0,608057,FOIA_7a_FY2000_FY2009_asof_260630.csv
missing_disbursement,1280,606777,FOIA_7a_FY2000_FY2009_asof_260630.csv
incomplete_window,2,606775,FOIA_7a_FY2000_FY2009_asof_260630.csv
invalid_approval_amount,0,606775,FOIA_7a_FY2000_FY2009_asof_260630.csv
unmapped_state,7342,599433,FOIA_7a_FY2000_FY2009_asof_260630.csv
date_or_status_contradiction,626,598807,FOIA_7a_FY2000_FY2009_asof_260630.csv
all_source_rows,0,545751,FOIA_7a_FY2010_FY2019_asof_260630.csv
wrong_program,0,545751,FOIA_7a_FY2010_FY2019_asof_260630.csv
cancelled_or_committed,66788,478963,FOIA_7a_FY2010_FY2019_asof_260630.csv
unknown_status,0,478963,FOIA_7a_FY2010_FY2019_asof_260630.csv
missing_disbursement,263,478700,FOIA_7a_FY2010_FY2019_asof_260630.csv
incomplete_window,26,478674,FOIA_7a_FY2010_FY2019_asof_260630.csv
invalid_approval_amount,0,478674,FOIA_7a_FY2010_FY2019_asof_260630.csv
unmapped_state,4330,474344,FOIA_7a_FY2010_FY2019_asof_260630.csv
date_or_status_contradiction,444,473900,FOIA_7a_FY2010_FY2019_asof_260630.csv
all_source_rows,0,388338,FOIA_7a_FY2020_Present_asof_260630.csv
wrong_program,0,388338,FOIA_7a_FY2020_Present_asof_260630.csv
cancelled_or_committed,71183,317155,FOIA_7a_FY2020_Present_asof_260630.csv
unknown_status,0,317155,FOIA_7a_FY2020_Present_asof_260630.csv
missing_disbursement,3,317152,FOIA_7a_FY2020_Present_asof_260630.csv
incomplete_window,160499,156653,FOIA_7a_FY2020_Present_asof_260630.csv
invalid_approval_amount,0,156653,FOIA_7a_FY2020_Present_asof_260630.csv
unmapped_state,1316,155337,FOIA_7a_FY2020_Present_asof_260630.csv
date_or_status_contradiction,20,155317,FOIA_7a_FY2020_Present_asof_260630.csv
