ProjectState,scenario,u0,du,peak_du,h0,dh
AK,baseline,6.986111111111112,0.0,0.0,10.137101741605264,30.41130522481579
AK,adverse,6.3,2.000000000000001,2.000000000000001,6.153082939997287,-1.7486471078349295
AL,baseline,4.680555555555556,0.0,0.0,6.056485092709965,18.169455278129895
AL,adverse,3.8,7.2,7.2,5.722841334998059,-2.1582335356227382
AR,baseline,5.355555555555558,0.0,0.0,6.20288148319731,18.60864444959193
AR,adverse,5.3,2.6000000000000005,2.6000000000000005,4.209005478259319,-3.8479568010315615
AZ,baseline,4.622222222222222,0.0,0.0,18.297045617560432,54.8911368526813
AZ,adverse,3.9,6.699999999999999,6.699999999999999,3.428301485706216,-44.191959655546384
CA,baseline,5.502777777777779,0.0,0.0,17.152789608349924,51.458368825049774
CA,adverse,4.9,7.5,7.5,-0.7187317149449381,-43.72484296054128
CO,baseline,4.966666666666667,0.0,0.0,3.74471881116674,11.234156433500221
CO,adverse,3.6,5.200000000000001,5.200000000000001,2.1461439403650155,-5.511595986391702
CT,baseline,4.7777777777777795,0.0,0.0,9.48020202300633,28.44060606901899
CT,adverse,4.4,5.0,5.0,1.8575057369125194,-14.81123339907814
DC,baseline,6.6000000000000005,0.0,0.0,16.927629993709523,50.78288998112857
DC,adverse,5.6,4.6,4.6,4.811645327066086,-12.485096290295035
DE,baseline,3.9055555555555563,0.0,0.0,12.094180542411387,36.28254162723416
DE,adverse,3.3,5.500000000000001,5.500000000000001,4.706339000300521,-12.178475457670928
FL,baseline,3.877777777777778,0.0,0.0,17.868743053003694,53.60622915901108
FL,adverse,3.5,7.9,7.9,2.9159561108746614,-46.469347523382346
GA,baseline,4.902777777777778,0.0,0.0,4.771790697069099,14.315372091207296
GA,adverse,4.4,6.199999999999999,6.199999999999999,4.088348379039677,-12.765032356548414
HI,baseline,2.905555555555555,0.0,0.0,18.701953108602627,56.105859325807884
HI,adverse,2.4,4.4,4.4,3.740764517075302,-18.176966302505004
IA,baseline,4.16111111111111,0.0,0.0,3.958951027429363,11.87685308228809
IA,adverse,3.7,2.8,3.0,2.378330897525731,-0.24342757882379845
ID,baseline,4.105555555555556,0.0,0.0,12.24734184049016,36.74202552147048
ID,adverse,2.9,6.6,6.6,10.370242354646116,-17.015124258038245
IL,baseline,5.516666666666667,0.0,0.0,7.340970297399497,22.02291089219849
IL,adverse,4.6,6.700000000000001,6.700000000000001,3.2681667413394093,-16.28502512378783
IN,baseline,5.277777777777779,0.0,0.0,2.6175184239394307,7.852555271818292
IN,adverse,4.7,5.8,5.8,1.7699577099400856,-4.861356372747191
KS,baseline,4.997222222222224,0.0,0.0,3.9236908263026553,11.771072478907966
KS,adverse,4.3,3.0,3.1000000000000005,3.2565812745827176,-1.3319062449840455
KY,baseline,5.697222222222221,0.0,0.0,4.224301442748926,12.672904328246778
KY,adverse,5.5,5.4,5.5,2.702198012494003,-1.3313624245582394
LA,baseline,5.624999999999999,0.0,0.0,7.445463185940723,22.33638955782217
LA,adverse,4.1,2.9000000000000004,2.9000000000000004,7.328063905108831,-0.5415138379892117
MA,baseline,4.872222222222221,0.0,0.0,6.80998244096532,20.42994732289596
MA,adverse,4.6,4.0,4.0,-2.4694347931726224,-14.182097998473782
MD,baseline,4.108333333333333,0.0,0.0,16.09314955068844,48.27944865206533
MD,adverse,3.7,4.3,4.3,5.032351100336111,-22.538242652278107
ME,baseline,4.752777777777778,0.0,0.0,8.925686386652151,26.77705915995645
ME,adverse,4.6,4.1,4.1,2.2547860128252246,-9.631076070785696
MI,baseline,6.855555555555556,0.0,0.0,1.8628595586069192,5.588578675820758
MI,adverse,6.9,7.0,7.4,-2.746468005974615,-25.476573081469855
MN,baseline,4.263888888888888,0.0,0.0,6.42109984488584,19.26329953465752
MN,adverse,4.4,3.3,3.5,1.1424974000152706,-17.7906063108821
MO,baseline,5.383333333333334,0.0,0.0,5.471932117333247,16.41579635199974
MO,adverse,4.8,4.8,4.8,2.712042187316063,-7.0946786675356925
MS,baseline,6.733333333333334,0.0,0.0,5.933566723762515,17.800700171287545
MS,adverse,6.4,4.1,4.1,8.183365652301699,-4.47113536629832
MT,baseline,3.9972222222222222,0.0,0.0,10.663186609210426,31.989559827631275
MT,adverse,2.9,4.5,4.5,9.295485713394235,-3.0428783155403862
NC,baseline,5.138888888888889,0.0,0.0,5.669534422536276,17.008603267608827
NC,adverse,4.6,6.6,6.6,6.421835189094212,-4.263627994432949
ND,baseline,3.266666666666666,0.0,0.0,6.878836567658232,20.636509702974696
ND,adverse,3.1,0.7999999999999998,0.8999999999999999,6.361154175968525,6.471766367755386
NE,baseline,3.5555555555555554,0.0,0.0,3.601095429220646,10.803286287661939
NE,adverse,2.9,2.0000000000000004,2.0000000000000004,1.8765586754691226,-1.872511157608904
NH,baseline,3.658333333333333,0.0,0.0,7.926888616041823,23.78066584812547
NH,adverse,3.7,2.8999999999999995,2.8999999999999995,-0.6081799284508747,-16.23649697089682
NJ,baseline,4.683333333333334,0.0,0.0,12.325481408343641,36.976444225030924
NJ,adverse,4.1,5.9,5.9,2.4193170983441386,-17.251721823780525
NM,baseline,5.013888888888889,0.0,0.0,10.228190462620999,30.684571387862995
NM,adverse,3.7,4.3,4.3,9.765495456197936,-6.959660150673283
NV,baseline,4.274999999999998,0.0,0.0,18.180595004476636,54.54178501342991
NV,adverse,4.3,8.600000000000001,8.600000000000001,-0.3964422132906196,-60.474404858495625
NY,baseline,5.086111111111111,0.0,0.0,10.209864258123298,30.629592774369897
NY,adverse,4.2,4.8,4.8,1.9757589605254442,-11.383236987972017
OH,baseline,5.852777777777778,0.0,0.0,2.4640474656599833,7.39214239697995
OH,adverse,5.5,5.300000000000001,5.300000000000001,-0.24001511615927457,-8.933176583282318
OK,baseline,4.313888888888889,0.0,0.0,4.519375870226064,13.558127610678191
OK,adverse,4.1,2.8000000000000007,2.8000000000000007,4.66235458965196,2.6984853911008804
OR,baseline,6.291666666666667,0.0,0.0,13.268934686725403,39.80680406017621
OR,adverse,5.1,5.6,6.0,9.578123793563636,-17.80061270926869
PA,baseline,5.019444444444444,0.0,0.0,9.418490392861818,28.255471178585452
PA,adverse,4.5,3.9000000000000004,3.9000000000000004,4.268909422835615,-5.4131715238009095
RI,baseline,5.227777777777778,0.0,0.0,11.342258241206379,34.026774723619134
RI,adverse,4.8,7.000000000000001,7.000000000000001,-0.31944367079001623,-23.321994546011286
SC,baseline,6.686111111111111,0.0,0.0,6.357353157089174,19.072059471267522
SC,adverse,5.9,5.799999999999999,5.799999999999999,6.179749834647287,-4.949149068799447
SD,baseline,3.363888888888889,0.0,0.0,5.620131384583974,16.860394153751923
SD,adverse,2.9,1.9,1.9,4.8289162154944565,2.548066117250094
TN,baseline,5.355555555555555,0.0,0.0,5.714899211970636,17.144697635911907
TN,adverse,4.6,5.9,6.200000000000001,5.918597537886247,-3.4302880160237796
TX,baseline,5.491666666666667,0.0,0.0,4.175902699606216,12.52770809881865
TX,adverse,4.4,4.0,4.0,5.697428568623375,2.100065790625273
UT,baseline,3.9694444444444446,0.0,0.0,8.921552776244754,26.764658328734264
UT,adverse,2.4,6.0,6.0,15.177113190821975,-12.458499160406287
VA,baseline,3.4277777777777776,0.0,0.0,13.865157843339711,41.595473530019135
VA,adverse,3.0,4.1,4.1,4.312050507566443,-14.791454138738388
VT,baseline,3.6000000000000005,0.0,0.0,11.14539755789856,33.43619267369568
VT,adverse,3.8,2.8,2.9000000000000004,4.921844440201897,-4.051243198592469
WA,baseline,5.605555555555556,0.0,0.0,12.785654581259136,38.356963743777406
WA,adverse,4.7,5.7,5.7,10.215222320836645,-15.995303606641025
WI,baseline,4.78888888888889,0.0,0.0,6.2187672166510675,18.656301649953203
WI,adverse,4.8,4.3999999999999995,4.500000000000001,1.9557056278189964,-7.8846982629208435
WV,baseline,5.06388888888889,0.0,0.0,7.0683809371809465,21.20514281154284
WV,adverse,4.6,4.1,4.1,2.062323385193193,-4.187827876877463
WY,baseline,3.4916666666666667,0.0,0.0,10.544824132542333,31.634472397627
WY,adverse,2.8,4.7,4.7,11.207265802829996,-0.5430752820720445
