ProjectState,scenario,feature,value,state_min,state_max,global_min,global_max,outside_state_support,outside_global_support,variant
AK,baseline,u0,6.986111111111112,6.1,9.1,2.1,11.4,False,False,layer2_term
AK,baseline,du,0.0,-2.0,1.5,-4.3,5.799999999999999,False,False,layer2_term
AK,baseline,h0,10.137101741605264,0.8651527326055786,23.19846230780682,-11.361559892926,23.19846230780682,False,False,layer2_term
AK,baseline,dh,30.41130522481579,7.681237881089012,29.78634543654434,-14.076728285826661,58.37464161954748,True,False,layer2_term
AK,adverse,u0,6.3,6.1,9.1,2.1,11.4,False,False,layer2_term
AK,adverse,du,2.000000000000001,-2.0,1.5,-4.3,5.799999999999999,True,False,layer2_term
AK,adverse,h0,6.153082939997287,0.8651527326055786,23.19846230780682,-11.361559892926,23.19846230780682,False,False,layer2_term
AK,adverse,dh,-1.7486471078349295,7.681237881089012,29.78634543654434,-14.076728285826661,58.37464161954748,True,False,layer2_term
AL,baseline,u0,4.680555555555556,4.4,7.6,2.1,11.4,False,False,layer2_term
AL,baseline,du,0.0,-2.2,1.4000000000000004,-4.3,5.799999999999999,False,False,layer2_term
AL,baseline,h0,6.056485092709965,1.653655887159118,6.017318850803853,-11.361559892926,23.19846230780682,True,False,layer2_term
AL,baseline,dh,18.169455278129895,9.631139225649306,15.799828994587282,-14.076728285826661,58.37464161954748,True,False,layer2_term
AL,adverse,u0,3.8,4.4,7.6,2.1,11.4,True,False,layer2_term
AL,adverse,du,7.2,-2.2,1.4000000000000004,-4.3,5.799999999999999,True,True,layer2_term
AL,adverse,h0,5.722841334998059,1.653655887159118,6.017318850803853,-11.361559892926,23.19846230780682,False,False,layer2_term
AL,adverse,dh,-2.1582335356227382,9.631139225649306,15.799828994587282,-14.076728285826661,58.37464161954748,True,False,layer2_term
AR,baseline,u0,5.355555555555558,4.1,7.5,2.1,11.4,False,False,layer2_term
AR,baseline,du,0.0,-2.4000000000000004,1.9000000000000004,-4.3,5.799999999999999,False,False,layer2_term
AR,baseline,h0,6.20288148319731,1.1821616212695498,6.547174108837261,-11.361559892926,23.19846230780682,False,False,layer2_term
AR,baseline,dh,18.60864444959193,8.319507703296397,17.566360826118434,-14.076728285826661,58.37464161954748,True,False,layer2_term
AR,adverse,u0,5.3,4.1,7.5,2.1,11.4,False,False,layer2_term
AR,adverse,du,2.6000000000000005,-2.4000000000000004,1.9000000000000004,-4.3,5.799999999999999,True,False,layer2_term
AR,adverse,h0,4.209005478259319,1.1821616212695498,6.547174108837261,-11.361559892926,23.19846230780682,False,False,layer2_term
AR,adverse,dh,-3.8479568010315615,8.319507703296397,17.566360826118434,-14.076728285826661,58.37464161954748,True,False,layer2_term
AZ,baseline,u0,4.622222222222222,3.9,7.8,2.1,11.4,False,False,layer2_term
AZ,baseline,du,0.0,-2.3999999999999995,1.9000000000000004,-4.3,5.799999999999999,False,False,layer2_term
AZ,baseline,h0,18.297045617560432,0.7390023554830637,6.68844231649416,-11.361559892926,23.19846230780682,True,False,layer2_term
AZ,baseline,dh,54.8911368526813,9.49236041476729,52.54535952721528,-14.076728285826661,58.37464161954748,True,False,layer2_term
AZ,adverse,u0,3.9,3.9,7.8,2.1,11.4,False,False,layer2_term
AZ,adverse,du,6.699999999999999,-2.3999999999999995,1.9000000000000004,-4.3,5.799999999999999,True,True,layer2_term
AZ,adverse,h0,3.428301485706216,0.7390023554830637,6.68844231649416,-11.361559892926,23.19846230780682,False,False,layer2_term
AZ,adverse,dh,-44.191959655546384,9.49236041476729,52.54535952721528,-14.076728285826661,58.37464161954748,True,True,layer2_term
CA,baseline,u0,5.502777777777779,4.7,9.8,2.1,11.4,False,False,layer2_term
CA,baseline,du,0.0,-2.4000000000000004,2.1000000000000005,-4.3,5.799999999999999,False,False,layer2_term
CA,baseline,h0,17.152789608349924,-6.353331295462408,13.252568603093215,-11.361559892926,23.19846230780682,True,False,layer2_term
CA,baseline,dh,51.458368825049774,-13.062120492083848,55.586361805478376,-14.076728285826661,58.37464161954748,False,False,layer2_term
CA,adverse,u0,4.9,4.7,9.8,2.1,11.4,False,False,layer2_term
CA,adverse,du,7.5,-2.4000000000000004,2.1000000000000005,-4.3,5.799999999999999,True,True,layer2_term
CA,adverse,h0,-0.7187317149449381,-6.353331295462408,13.252568603093215,-11.361559892926,23.19846230780682,False,False,layer2_term
CA,adverse,dh,-43.72484296054128,-13.062120492083848,55.586361805478376,-14.076728285826661,58.37464161954748,True,True,layer2_term
CO,baseline,u0,4.966666666666667,2.6,6.2,2.1,11.4,False,False,layer2_term
CO,baseline,du,0.0,-2.3000000000000003,3.5999999999999996,-4.3,5.799999999999999,False,False,layer2_term
CO,baseline,h0,3.74471881116674,2.8947041115177337,12.61396604782046,-11.361559892926,23.19846230780682,False,False,layer2_term
CO,baseline,dh,11.234156433500221,10.30355114186415,28.64970130042284,-14.076728285826661,58.37464161954748,False,False,layer2_term
CO,adverse,u0,3.6,2.6,6.2,2.1,11.4,False,False,layer2_term
CO,adverse,du,5.200000000000001,-2.3000000000000003,3.5999999999999996,-4.3,5.799999999999999,True,False,layer2_term
CO,adverse,h0,2.1461439403650155,2.8947041115177337,12.61396604782046,-11.361559892926,23.19846230780682,True,False,layer2_term
CO,adverse,dh,-5.511595986391702,10.30355114186415,28.64970130042284,-14.076728285826661,58.37464161954748,True,False,layer2_term
CT,baseline,u0,4.7777777777777795,2.1,7.4,2.1,11.4,False,False,layer2_term
CT,baseline,du,0.0,-3.0,3.4999999999999996,-4.3,5.799999999999999,False,False,layer2_term
CT,baseline,h0,9.48020202300633,-7.069910521023074,9.698533501302117,-11.361559892926,23.19846230780682,False,False,layer2_term
CT,baseline,dh,28.44060606901899,-9.045536188232633,31.237617643421046,-14.076728285826661,58.37464161954748,False,False,layer2_term
CT,adverse,u0,4.4,2.1,7.4,2.1,11.4,False,False,layer2_term
CT,adverse,du,5.0,-3.0,3.4999999999999996,-4.3,5.799999999999999,True,False,layer2_term
CT,adverse,h0,1.8575057369125194,-7.069910521023074,9.698533501302117,-11.361559892926,23.19846230780682,False,False,layer2_term
CT,adverse,dh,-14.81123339907814,-9.045536188232633,31.237617643421046,-14.076728285826661,58.37464161954748,True,True,layer2_term
DC,baseline,u0,6.6000000000000005,5.6,8.8,2.1,11.4,False,False,layer2_term
DC,baseline,du,0.0,-2.700000000000001,1.4000000000000004,-4.3,5.799999999999999,False,False,layer2_term
DC,baseline,h0,16.927629993709523,-7.454524256910376,15.697802158539872,-11.361559892926,23.19846230780682,True,False,layer2_term
DC,baseline,dh,50.78288998112857,-6.704186683724185,53.92212239073039,-14.076728285826661,58.37464161954748,False,False,layer2_term
DC,adverse,u0,5.6,5.6,8.8,2.1,11.4,False,False,layer2_term
DC,adverse,du,4.6,-2.700000000000001,1.4000000000000004,-4.3,5.799999999999999,True,False,layer2_term
DC,adverse,h0,4.811645327066086,-7.454524256910376,15.697802158539872,-11.361559892926,23.19846230780682,False,False,layer2_term
DC,adverse,dh,-12.485096290295035,-6.704186683724185,53.92212239073039,-14.076728285826661,58.37464161954748,True,False,layer2_term
DE,baseline,u0,3.9055555555555563,3.1,6.4,2.1,11.4,False,False,layer2_term
DE,baseline,du,0.0,-2.1000000000000005,1.1000000000000005,-4.3,5.799999999999999,False,False,layer2_term
DE,baseline,h0,12.094180542411387,-3.0360717451665664,8.36039872488618,-11.361559892926,23.19846230780682,True,False,layer2_term
DE,baseline,dh,36.28254162723416,-2.3999755616062997,37.088373505302634,-14.076728285826661,58.37464161954748,False,False,layer2_term
DE,adverse,u0,3.3,3.1,6.4,2.1,11.4,False,False,layer2_term
DE,adverse,du,5.500000000000001,-2.1000000000000005,1.1000000000000005,-4.3,5.799999999999999,True,False,layer2_term
DE,adverse,h0,4.706339000300521,-3.0360717451665664,8.36039872488618,-11.361559892926,23.19846230780682,False,False,layer2_term
DE,adverse,dh,-12.178475457670928,-2.3999755616062997,37.088373505302634,-14.076728285826661,58.37464161954748,True,False,layer2_term
FL,baseline,u0,3.877777777777778,3.7,8.6,2.1,11.4,False,False,layer2_term
FL,baseline,du,0.0,-3.0,1.7999999999999998,-4.3,5.799999999999999,False,False,layer2_term
FL,baseline,h0,17.868743053003694,-0.685162601564285,10.135878408272568,-11.361559892926,23.19846230780682,True,False,layer2_term
FL,baseline,dh,53.60622915901108,3.4734067532152366,53.85287304186009,-14.076728285826661,58.37464161954748,False,False,layer2_term
FL,adverse,u0,3.5,3.7,8.6,2.1,11.4,True,False,layer2_term
FL,adverse,du,7.9,-3.0,1.7999999999999998,-4.3,5.799999999999999,True,True,layer2_term
FL,adverse,h0,2.9159561108746614,-0.685162601564285,10.135878408272568,-11.361559892926,23.19846230780682,False,False,layer2_term
FL,adverse,dh,-46.469347523382346,3.4734067532152366,53.85287304186009,-14.076728285826661,58.37464161954748,True,True,layer2_term
GA,baseline,u0,4.902777777777778,3.4,7.2,2.1,11.4,False,False,layer2_term
GA,baseline,du,0.0,-2.5,1.4,-4.3,5.799999999999999,False,False,layer2_term
GA,baseline,h0,4.771790697069099,0.18630074319687512,7.595195443508564,-11.361559892926,23.19846230780682,False,False,layer2_term
GA,baseline,dh,14.315372091207296,7.1463242761751395,19.169491195537216,-14.076728285826661,58.37464161954748,False,False,layer2_term
GA,adverse,u0,4.4,3.4,7.2,2.1,11.4,False,False,layer2_term
GA,adverse,du,6.199999999999999,-2.5,1.4,-4.3,5.799999999999999,True,True,layer2_term
GA,adverse,h0,4.088348379039677,0.18630074319687512,7.595195443508564,-11.361559892926,23.19846230780682,False,False,layer2_term
GA,adverse,dh,-12.765032356548414,7.1463242761751395,19.169491195537216,-14.076728285826661,58.37464161954748,True,False,layer2_term
HI,baseline,u0,2.905555555555555,2.5,6.1,2.1,11.4,False,False,layer2_term
HI,baseline,du,0.0,-1.8000000000000007,2.5999999999999996,-4.3,5.799999999999999,False,False,layer2_term
HI,baseline,h0,18.701953108602627,-9.178034910080019,16.56779968858137,-11.361559892926,23.19846230780682,True,False,layer2_term
HI,baseline,dh,56.105859325807884,-14.076728285826661,58.37464161954748,-14.076728285826661,58.37464161954748,False,False,layer2_term
HI,adverse,u0,2.4,2.5,6.1,2.1,11.4,True,False,layer2_term
HI,adverse,du,4.4,-1.8000000000000007,2.5999999999999996,-4.3,5.799999999999999,True,False,layer2_term
HI,adverse,h0,3.740764517075302,-9.178034910080019,16.56779968858137,-11.361559892926,23.19846230780682,False,False,layer2_term
HI,adverse,dh,-18.176966302505004,-14.076728285826661,58.37464161954748,-14.076728285826661,58.37464161954748,True,True,layer2_term
IA,baseline,u0,4.16111111111111,2.5,4.8,2.1,11.4,False,False,layer2_term
IA,baseline,du,0.0,-1.3000000000000003,2.0,-4.3,5.799999999999999,False,False,layer2_term
IA,baseline,h0,3.958951027429363,3.2654559736081,7.490511935933057,-11.361559892926,23.19846230780682,False,False,layer2_term
IA,baseline,dh,11.87685308228809,11.283475995457945,17.88785661318576,-14.076728285826661,58.37464161954748,False,False,layer2_term
IA,adverse,u0,3.7,2.5,4.8,2.1,11.4,False,False,layer2_term
IA,adverse,du,2.8,-1.3000000000000003,2.0,-4.3,5.799999999999999,True,False,layer2_term
IA,adverse,h0,2.378330897525731,3.2654559736081,7.490511935933057,-11.361559892926,23.19846230780682,True,False,layer2_term
IA,adverse,dh,-0.24342757882379845,11.283475995457945,17.88785661318576,-14.076728285826661,58.37464161954748,True,False,layer2_term
ID,baseline,u0,4.105555555555556,4.5,6.6,2.1,11.4,True,False,layer2_term
ID,baseline,du,0.0,-1.7999999999999998,1.1000000000000005,-4.3,5.799999999999999,False,False,layer2_term
ID,baseline,h0,12.24734184049016,0.2613747857819286,9.475023060658772,-11.361559892926,23.19846230780682,True,False,layer2_term
ID,baseline,dh,36.74202552147048,6.545474300213497,30.684025484681833,-14.076728285826661,58.37464161954748,True,False,layer2_term
ID,adverse,u0,2.9,4.5,6.6,2.1,11.4,True,False,layer2_term
ID,adverse,du,6.6,-1.7999999999999998,1.1000000000000005,-4.3,5.799999999999999,True,True,layer2_term
ID,adverse,h0,10.370242354646116,0.2613747857819286,9.475023060658772,-11.361559892926,23.19846230780682,True,False,layer2_term
ID,adverse,dh,-17.015124258038245,6.545474300213497,30.684025484681833,-14.076728285826661,58.37464161954748,True,True,layer2_term
IL,baseline,u0,5.516666666666667,4.2,8.4,2.1,11.4,False,False,layer2_term
IL,baseline,du,0.0,-3.4000000000000004,2.5,-4.3,5.799999999999999,False,False,layer2_term
IL,baseline,h0,7.340970297399497,2.393001732389692,6.43141505291794,-11.361559892926,23.19846230780682,True,False,layer2_term
IL,baseline,dh,22.02291089219849,8.896785300934093,22.743344150369303,-14.076728285826661,58.37464161954748,False,False,layer2_term
IL,adverse,u0,4.6,4.2,8.4,2.1,11.4,False,False,layer2_term
IL,adverse,du,6.700000000000001,-3.4000000000000004,2.5,-4.3,5.799999999999999,True,True,layer2_term
IL,adverse,h0,3.2681667413394093,2.393001732389692,6.43141505291794,-11.361559892926,23.19846230780682,False,False,layer2_term
IL,adverse,dh,-16.28502512378783,8.896785300934093,22.743344150369303,-14.076728285826661,58.37464161954748,True,True,layer2_term
IN,baseline,u0,5.277777777777779,2.7,6.3,2.1,11.4,False,False,layer2_term
IN,baseline,du,0.0,-1.7999999999999998,2.6000000000000005,-4.3,5.799999999999999,False,False,layer2_term
IN,baseline,h0,2.6175184239394307,2.3476291961149305,5.856906514867169,-11.361559892926,23.19846230780682,False,False,layer2_term
IN,baseline,dh,7.852555271818292,7.899996020303702,14.498219877088832,-14.076728285826661,58.37464161954748,True,False,layer2_term
IN,adverse,u0,4.7,2.7,6.3,2.1,11.4,False,False,layer2_term
IN,adverse,du,5.8,-1.7999999999999998,2.6000000000000005,-4.3,5.799999999999999,True,True,layer2_term
IN,adverse,h0,1.7699577099400856,2.3476291961149305,5.856906514867169,-11.361559892926,23.19846230780682,True,False,layer2_term
IN,adverse,dh,-4.861356372747191,7.899996020303702,14.498219877088832,-14.076728285826661,58.37464161954748,True,False,layer2_term
KS,baseline,u0,4.997222222222224,3.4,5.1,2.1,11.4,False,False,layer2_term
KS,baseline,du,0.0,-1.1999999999999997,2.0999999999999996,-4.3,5.799999999999999,False,False,layer2_term
KS,baseline,h0,3.9236908263026553,-0.301003571746993,6.891403511180728,-11.361559892926,23.19846230780682,False,False,layer2_term
KS,baseline,dh,11.771072478907966,9.962478777683884,16.455862952647855,-14.076728285826661,58.37464161954748,False,False,layer2_term
KS,adverse,u0,4.3,3.4,5.1,2.1,11.4,False,False,layer2_term
KS,adverse,du,3.0,-1.1999999999999997,2.0999999999999996,-4.3,5.799999999999999,True,False,layer2_term
KS,adverse,h0,3.2565812745827176,-0.301003571746993,6.891403511180728,-11.361559892926,23.19846230780682,False,False,layer2_term
KS,adverse,dh,-1.3319062449840455,9.962478777683884,16.455862952647855,-14.076728285826661,58.37464161954748,True,False,layer2_term
KY,baseline,u0,5.697222222222221,4.0,7.4,2.1,11.4,False,False,layer2_term
KY,baseline,du,0.0,-2.0,2.3000000000000007,-4.3,5.799999999999999,False,False,layer2_term
KY,baseline,h0,4.224301442748926,2.7904970252141084,6.295126587355167,-11.361559892926,23.19846230780682,False,False,layer2_term
KY,baseline,dh,12.672904328246778,11.022354161204229,15.599288880964648,-14.076728285826661,58.37464161954748,False,False,layer2_term
KY,adverse,u0,5.5,4.0,7.4,2.1,11.4,False,False,layer2_term
KY,adverse,du,5.4,-2.0,2.3000000000000007,-4.3,5.799999999999999,True,False,layer2_term
KY,adverse,h0,2.702198012494003,2.7904970252141084,6.295126587355167,-11.361559892926,23.19846230780682,True,False,layer2_term
KY,adverse,dh,-1.3313624245582394,11.022354161204229,15.599288880964648,-14.076728285826661,58.37464161954748,True,False,layer2_term
LA,baseline,u0,5.624999999999999,4.9,8.0,2.1,11.4,False,False,layer2_term
LA,baseline,du,0.0,-1.8000000000000007,5.799999999999999,-4.3,5.799999999999999,False,False,layer2_term
LA,baseline,h0,7.445463185940723,1.2884512065603677,7.111705060182468,-11.361559892926,23.19846230780682,True,False,layer2_term
LA,baseline,dh,22.33638955782217,11.688547194897447,18.681100498673924,-14.076728285826661,58.37464161954748,True,False,layer2_term
LA,adverse,u0,4.1,4.9,8.0,2.1,11.4,True,False,layer2_term
LA,adverse,du,2.9000000000000004,-1.8000000000000007,5.799999999999999,-4.3,5.799999999999999,False,False,layer2_term
LA,adverse,h0,7.328063905108831,1.2884512065603677,7.111705060182468,-11.361559892926,23.19846230780682,True,False,layer2_term
LA,adverse,dh,-0.5415138379892117,11.688547194897447,18.681100498673924,-14.076728285826661,58.37464161954748,True,False,layer2_term
MA,baseline,u0,4.872222222222221,2.7,9.1,2.1,11.4,False,False,layer2_term
MA,baseline,du,0.0,-3.4000000000000004,3.2,-4.3,5.799999999999999,False,False,layer2_term
MA,baseline,h0,6.80998244096532,-8.073892770718102,13.722677760385737,-11.361559892926,23.19846230780682,False,False,layer2_term
MA,baseline,dh,20.42994732289596,-1.8006370312831244,37.10755864114701,-14.076728285826661,58.37464161954748,False,False,layer2_term
MA,adverse,u0,4.6,2.7,9.1,2.1,11.4,False,False,layer2_term
MA,adverse,du,4.0,-3.4000000000000004,3.2,-4.3,5.799999999999999,True,False,layer2_term
MA,adverse,h0,-2.4694347931726224,-8.073892770718102,13.722677760385737,-11.361559892926,23.19846230780682,False,False,layer2_term
MA,adverse,dh,-14.182097998473782,-1.8006370312831244,37.10755864114701,-14.076728285826661,58.37464161954748,True,True,layer2_term
MD,baseline,u0,4.108333333333333,3.2,6.6,2.1,11.4,False,False,layer2_term
MD,baseline,du,0.0,-1.7000000000000002,1.2000000000000002,-4.3,5.799999999999999,False,False,layer2_term
MD,baseline,h0,16.09314955068844,-2.751617038640398,10.781627175965108,-11.361559892926,23.19846230780682,True,False,layer2_term
MD,baseline,dh,48.27944865206533,-1.183105645420448,49.34405200362328,-14.076728285826661,58.37464161954748,False,False,layer2_term
MD,adverse,u0,3.7,3.2,6.6,2.1,11.4,False,False,layer2_term
MD,adverse,du,4.3,-1.7000000000000002,1.2000000000000002,-4.3,5.799999999999999,True,False,layer2_term
MD,adverse,h0,5.032351100336111,-2.751617038640398,10.781627175965108,-11.361559892926,23.19846230780682,False,False,layer2_term
MD,adverse,dh,-22.538242652278107,-1.183105645420448,49.34405200362328,-14.076728285826661,58.37464161954748,True,True,layer2_term
ME,baseline,u0,4.752777777777778,3.2,8.4,2.1,11.4,False,False,layer2_term
ME,baseline,du,0.0,-2.1000000000000005,2.0,-4.3,5.799999999999999,False,False,layer2_term
ME,baseline,h0,8.925686386652151,-5.393716655421555,9.88146163427099,-11.361559892926,23.19846230780682,False,False,layer2_term
ME,baseline,dh,26.77705915995645,-5.336937180965683,32.208349916911324,-14.076728285826661,58.37464161954748,False,False,layer2_term
ME,adverse,u0,4.6,3.2,8.4,2.1,11.4,False,False,layer2_term
ME,adverse,du,4.1,-2.1000000000000005,2.0,-4.3,5.799999999999999,True,False,layer2_term
ME,adverse,h0,2.2547860128252246,-5.393716655421555,9.88146163427099,-11.361559892926,23.19846230780682,False,False,layer2_term
ME,adverse,dh,-9.631076070785696,-5.336937180965683,32.208349916911324,-14.076728285826661,58.37464161954748,True,False,layer2_term
MI,baseline,u0,6.855555555555556,3.2,9.5,2.1,11.4,False,False,layer2_term
MI,baseline,du,0.0,-4.3,3.8000000000000003,-4.3,5.799999999999999,False,False,layer2_term
MI,baseline,h0,1.8628595586069192,2.5349660697347436,8.112273801936793,-11.361559892926,23.19846230780682,True,False,layer2_term
MI,baseline,dh,5.588578675820758,9.622803209455375,21.912890428788696,-14.076728285826661,58.37464161954748,True,False,layer2_term
MI,adverse,u0,6.9,3.2,9.5,2.1,11.4,False,False,layer2_term
MI,adverse,du,7.0,-4.3,3.8000000000000003,-4.3,5.799999999999999,True,True,layer2_term
MI,adverse,h0,-2.746468005974615,2.5349660697347436,8.112273801936793,-11.361559892926,23.19846230780682,True,False,layer2_term
MI,adverse,dh,-25.476573081469855,9.622803209455375,21.912890428788696,-14.076728285826661,58.37464161954748,True,True,layer2_term
MN,baseline,u0,4.263888888888888,2.5,5.2,2.1,11.4,False,False,layer2_term
MN,baseline,du,0.0,-1.4999999999999996,2.0,-4.3,5.799999999999999,False,False,layer2_term
MN,baseline,h0,6.42109984488584,1.944297974689757,10.209410299186365,-11.361559892926,23.19846230780682,False,False,layer2_term
MN,baseline,dh,19.26329953465752,10.336953793873892,29.112441664275373,-14.076728285826661,58.37464161954748,False,False,layer2_term
MN,adverse,u0,4.4,2.5,5.2,2.1,11.4,False,False,layer2_term
MN,adverse,du,3.3,-1.4999999999999996,2.0,-4.3,5.799999999999999,True,False,layer2_term
MN,adverse,h0,1.1424974000152706,1.944297974689757,10.209410299186365,-11.361559892926,23.19846230780682,True,False,layer2_term
MN,adverse,dh,-17.7906063108821,10.336953793873892,29.112441664275373,-14.076728285826661,58.37464161954748,True,True,layer2_term
MO,baseline,u0,5.383333333333334,3.0,6.8,2.1,11.4,False,False,layer2_term
MO,baseline,du,0.0,-1.7999999999999998,2.7,-4.3,5.799999999999999,False,False,layer2_term
MO,baseline,h0,5.471932117333247,0.3469981369162496,5.987435442850895,-11.361559892926,23.19846230780682,False,False,layer2_term
MO,baseline,dh,16.41579635199974,7.325374415881653,17.267566542932382,-14.076728285826661,58.37464161954748,False,False,layer2_term
MO,adverse,u0,4.8,3.0,6.8,2.1,11.4,False,False,layer2_term
MO,adverse,du,4.8,-1.7999999999999998,2.7,-4.3,5.799999999999999,True,False,layer2_term
MO,adverse,h0,2.712042187316063,0.3469981369162496,5.987435442850895,-11.361559892926,23.19846230780682,False,False,layer2_term
MO,adverse,dh,-7.0946786675356925,7.325374415881653,17.267566542932382,-14.076728285826661,58.37464161954748,True,False,layer2_term
MS,baseline,u0,6.733333333333334,4.9,8.7,2.1,11.4,False,False,layer2_term
MS,baseline,du,0.0,-2.299999999999999,3.6000000000000005,-4.3,5.799999999999999,False,False,layer2_term
MS,baseline,h0,5.933566723762515,0.5404559332305594,5.7179148467814755,-11.361559892926,23.19846230780682,True,False,layer2_term
MS,baseline,dh,17.800700171287545,8.895306162876812,14.746967961855528,-14.076728285826661,58.37464161954748,True,False,layer2_term
MS,adverse,u0,6.4,4.9,8.7,2.1,11.4,False,False,layer2_term
MS,adverse,du,4.1,-2.299999999999999,3.6000000000000005,-4.3,5.799999999999999,True,False,layer2_term
MS,adverse,h0,8.183365652301699,0.5404559332305594,5.7179148467814755,-11.361559892926,23.19846230780682,True,False,layer2_term
MS,adverse,dh,-4.47113536629832,8.895306162876812,14.746967961855528,-14.076728285826661,58.37464161954748,True,False,layer2_term
MT,baseline,u0,3.9972222222222222,4.4,7.1,2.1,11.4,True,False,layer2_term
MT,baseline,du,0.0,-1.5999999999999996,0.20000000000000018,-4.3,5.799999999999999,False,False,layer2_term
MT,baseline,h0,10.663186609210426,1.6691908359299215,11.151885468129258,-11.361559892926,23.19846230780682,False,False,layer2_term
MT,baseline,dh,31.989559827631275,8.228166647573302,30.330932833748005,-14.076728285826661,58.37464161954748,True,False,layer2_term
MT,adverse,u0,2.9,4.4,7.1,2.1,11.4,True,False,layer2_term
MT,adverse,du,4.5,-1.5999999999999996,0.20000000000000018,-4.3,5.799999999999999,True,False,layer2_term
MT,adverse,h0,9.295485713394235,1.6691908359299215,11.151885468129258,-11.361559892926,23.19846230780682,False,False,layer2_term
MT,adverse,dh,-3.0428783155403862,8.228166647573302,30.330932833748005,-14.076728285826661,58.37464161954748,True,False,layer2_term
NC,baseline,u0,5.138888888888889,3.2,6.8,2.1,11.4,False,False,layer2_term
NC,baseline,du,0.0,-2.2,3.5999999999999996,-4.3,5.799999999999999,False,False,layer2_term
NC,baseline,h0,5.669534422536276,1.4891629089552298,5.75249086072214,-11.361559892926,23.19846230780682,False,False,layer2_term
NC,baseline,dh,17.008603267608827,8.72447906656863,14.89497198884865,-14.076728285826661,58.37464161954748,True,False,layer2_term
NC,adverse,u0,4.6,3.2,6.8,2.1,11.4,False,False,layer2_term
NC,adverse,du,6.6,-2.2,3.5999999999999996,-4.3,5.799999999999999,True,True,layer2_term
NC,adverse,h0,6.421835189094212,1.4891629089552298,5.75249086072214,-11.361559892926,23.19846230780682,True,False,layer2_term
NC,adverse,dh,-4.263627994432949,8.72447906656863,14.89497198884865,-14.076728285826661,58.37464161954748,True,False,layer2_term
ND,baseline,u0,3.266666666666666,2.7,4.6,2.1,11.4,False,False,layer2_term
ND,baseline,du,0.0,-1.2999999999999998,0.6999999999999997,-4.3,5.799999999999999,False,False,layer2_term
ND,baseline,h0,6.878836567658232,-0.025359792185616296,6.4373083969478095,-11.361559892926,23.19846230780682,True,False,layer2_term
ND,baseline,dh,20.636509702974696,7.964589101966629,20.407492842979178,-14.076728285826661,58.37464161954748,True,False,layer2_term
ND,adverse,u0,3.1,2.7,4.6,2.1,11.4,False,False,layer2_term
ND,adverse,du,0.7999999999999998,-1.2999999999999998,0.6999999999999997,-4.3,5.799999999999999,True,False,layer2_term
ND,adverse,h0,6.361154175968525,-0.025359792185616296,6.4373083969478095,-11.361559892926,23.19846230780682,False,False,layer2_term
ND,adverse,dh,6.471766367755386,7.964589101966629,20.407492842979178,-14.076728285826661,58.37464161954748,True,False,layer2_term
NE,baseline,u0,3.5555555555555554,2.3,3.7,2.1,11.4,False,False,layer2_term
NE,baseline,du,0.0,-0.30000000000000027,1.2999999999999998,-4.3,5.799999999999999,False,False,layer2_term
NE,baseline,h0,3.601095429220646,3.0154051888828204,8.362160246595897,-11.361559892926,23.19846230780682,False,False,layer2_term
NE,baseline,dh,10.803286287661939,9.827707274225842,18.292361443259637,-14.076728285826661,58.37464161954748,False,False,layer2_term
NE,adverse,u0,2.9,2.3,3.7,2.1,11.4,False,False,layer2_term
NE,adverse,du,2.0000000000000004,-0.30000000000000027,1.2999999999999998,-4.3,5.799999999999999,True,False,layer2_term
NE,adverse,h0,1.8765586754691226,3.0154051888828204,8.362160246595897,-11.361559892926,23.19846230780682,True,False,layer2_term
NE,adverse,dh,-1.872511157608904,9.827707274225842,18.292361443259637,-14.076728285826661,58.37464161954748,True,False,layer2_term
NH,baseline,u0,3.658333333333333,2.5,7.4,2.1,11.4,False,False,layer2_term
NH,baseline,du,0.0,-3.7,2.0,-4.3,5.799999999999999,False,False,layer2_term
NH,baseline,h0,7.926888616041823,-11.361559892926,13.552170913490666,-11.361559892926,23.19846230780682,False,False,layer2_term
NH,baseline,dh,23.78066584812547,-5.378563900134013,35.80824616313155,-14.076728285826661,58.37464161954748,False,False,layer2_term
NH,adverse,u0,3.7,2.5,7.4,2.1,11.4,False,False,layer2_term
NH,adverse,du,2.8999999999999995,-3.7,2.0,-4.3,5.799999999999999,True,False,layer2_term
NH,adverse,h0,-0.6081799284508747,-11.361559892926,13.552170913490666,-11.361559892926,23.19846230780682,False,False,layer2_term
NH,adverse,dh,-16.23649697089682,-5.378563900134013,35.80824616313155,-14.076728285826661,58.37464161954748,True,True,layer2_term
NJ,baseline,u0,4.683333333333334,3.5,9.0,2.1,11.4,False,False,layer2_term
NJ,baseline,du,0.0,-2.5999999999999996,2.5,-4.3,5.799999999999999,False,False,layer2_term
NJ,baseline,h0,12.325481408343641,-5.699932671048501,12.080609508837833,-11.361559892926,23.19846230780682,True,False,layer2_term
NJ,baseline,dh,36.976444225030924,-0.7872353472782421,39.63061150275208,-14.076728285826661,58.37464161954748,False,False,layer2_term
NJ,adverse,u0,4.1,3.5,9.0,2.1,11.4,False,False,layer2_term
NJ,adverse,du,5.9,-2.5999999999999996,2.5,-4.3,5.799999999999999,True,True,layer2_term
NJ,adverse,h0,2.4193170983441386,-5.699932671048501,12.080609508837833,-11.361559892926,23.19846230780682,False,False,layer2_term
NJ,adverse,dh,-17.251721823780525,-0.7872353472782421,39.63061150275208,-14.076728285826661,58.37464161954748,True,True,layer2_term
NM,baseline,u0,5.013888888888889,4.8,7.7,2.1,11.4,False,False,layer2_term
NM,baseline,du,0.0,-2.1000000000000005,1.0999999999999996,-4.3,5.799999999999999,False,False,layer2_term
NM,baseline,h0,10.228190462620999,0.14112905568243686,10.043538856295086,-11.361559892926,23.19846230780682,True,False,layer2_term
NM,baseline,dh,30.684571387862995,4.352138570111745,26.54509175889772,-14.076728285826661,58.37464161954748,True,False,layer2_term
NM,adverse,u0,3.7,4.8,7.7,2.1,11.4,True,False,layer2_term
NM,adverse,du,4.3,-2.1000000000000005,1.0999999999999996,-4.3,5.799999999999999,True,False,layer2_term
NM,adverse,h0,9.765495456197936,0.14112905568243686,10.043538856295086,-11.361559892926,23.19846230780682,False,False,layer2_term
NM,adverse,dh,-6.959660150673283,4.352138570111745,26.54509175889772,-14.076728285826661,58.37464161954748,True,False,layer2_term
NV,baseline,u0,4.274999999999998,3.9,7.0,2.1,11.4,False,False,layer2_term
NV,baseline,du,0.0,-2.0,1.8000000000000003,-4.3,5.799999999999999,False,False,layer2_term
NV,baseline,h0,18.180595004476636,0.7995954466309154,7.404742052839685,-11.361559892926,23.19846230780682,True,False,layer2_term
NV,baseline,dh,54.54178501342991,5.685553614739244,58.17865485388683,-14.076728285826661,58.37464161954748,False,False,layer2_term
NV,adverse,u0,4.3,3.9,7.0,2.1,11.4,False,False,layer2_term
NV,adverse,du,8.600000000000001,-2.0,1.8000000000000003,-4.3,5.799999999999999,True,True,layer2_term
NV,adverse,h0,-0.3964422132906196,0.7995954466309154,7.404742052839685,-11.361559892926,23.19846230780682,True,False,layer2_term
NV,adverse,dh,-60.474404858495625,5.685553614739244,58.17865485388683,-14.076728285826661,58.37464161954748,True,True,layer2_term
NY,baseline,u0,5.086111111111111,4.2,8.9,2.1,11.4,False,False,layer2_term
NY,baseline,du,0.0,-2.500000000000001,2.1000000000000005,-4.3,5.799999999999999,False,False,layer2_term
NY,baseline,h0,10.209864258123298,-4.940372173049796,10.647191370482293,-11.361559892926,23.19846230780682,False,False,layer2_term
NY,baseline,dh,30.629592774369897,-4.501010143975768,34.287021526932904,-14.076728285826661,58.37464161954748,False,False,layer2_term
NY,adverse,u0,4.2,4.2,8.9,2.1,11.4,False,False,layer2_term
NY,adverse,du,4.8,-2.500000000000001,2.1000000000000005,-4.3,5.799999999999999,True,False,layer2_term
NY,adverse,h0,1.9757589605254442,-4.940372173049796,10.647191370482293,-11.361559892926,23.19846230780682,False,False,layer2_term
NY,adverse,dh,-11.383236987972017,-4.501010143975768,34.287021526932904,-14.076728285826661,58.37464161954748,True,False,layer2_term
OH,baseline,u0,5.852777777777778,3.9,7.6,2.1,11.4,False,False,layer2_term
OH,baseline,du,0.0,-2.8,2.3000000000000007,-4.3,5.799999999999999,False,False,layer2_term
OH,baseline,h0,2.4640474656599833,2.856665943975838,6.262692292872315,-11.361559892926,23.19846230780682,True,False,layer2_term
OH,baseline,dh,7.39214239697995,9.71886397049764,14.761451981957812,-14.076728285826661,58.37464161954748,True,False,layer2_term
OH,adverse,u0,5.5,3.9,7.6,2.1,11.4,False,False,layer2_term
OH,adverse,du,5.300000000000001,-2.8,2.3000000000000007,-4.3,5.799999999999999,True,False,layer2_term
OH,adverse,h0,-0.24001511615927457,2.856665943975838,6.262692292872315,-11.361559892926,23.19846230780682,True,False,layer2_term
OH,adverse,dh,-8.933176583282318,9.71886397049764,14.761451981957812,-14.076728285826661,58.37464161954748,True,False,layer2_term
OK,baseline,u0,4.313888888888889,2.9,6.1,2.1,11.4,False,False,layer2_term
OK,baseline,du,0.0,-2.0,2.5999999999999996,-4.3,5.799999999999999,False,False,layer2_term
OK,baseline,h0,4.519375870226064,2.230507218074451,5.7285570445038525,-11.361559892926,23.19846230780682,False,False,layer2_term
OK,baseline,dh,13.558127610678191,8.946143875863566,14.042330294286087,-14.076728285826661,58.37464161954748,False,False,layer2_term
OK,adverse,u0,4.1,2.9,6.1,2.1,11.4,False,False,layer2_term
OK,adverse,du,2.8000000000000007,-2.0,2.5999999999999996,-4.3,5.799999999999999,True,False,layer2_term
OK,adverse,h0,4.66235458965196,2.230507218074451,5.7285570445038525,-11.361559892926,23.19846230780682,False,False,layer2_term
OK,adverse,dh,2.6984853911008804,8.946143875863566,14.042330294286087,-14.076728285826661,58.37464161954748,True,False,layer2_term
OR,baseline,u0,6.291666666666667,4.5,7.8,2.1,11.4,False,False,layer2_term
OR,baseline,du,0.0,-2.7,3.1000000000000005,-4.3,5.799999999999999,False,False,layer2_term
OR,baseline,h0,13.268934686725403,1.7612899232539871,12.127584046141395,-11.361559892926,23.19846230780682,True,False,layer2_term
OR,baseline,dh,39.80680406017621,9.451668796668914,34.60286025998857,-14.076728285826661,58.37464161954748,True,False,layer2_term
OR,adverse,u0,5.1,4.5,7.8,2.1,11.4,False,False,layer2_term
OR,adverse,du,5.6,-2.7,3.1000000000000005,-4.3,5.799999999999999,True,False,layer2_term
OR,adverse,h0,9.578123793563636,1.7612899232539871,12.127584046141395,-11.361559892926,23.19846230780682,False,False,layer2_term
OR,adverse,dh,-17.80061270926869,9.451668796668914,34.60286025998857,-14.076728285826661,58.37464161954748,True,True,layer2_term
PA,baseline,u0,5.019444444444444,4.1,7.5,2.1,11.4,False,False,layer2_term
PA,baseline,du,0.0,-1.6000000000000005,1.7000000000000002,-4.3,5.799999999999999,False,False,layer2_term
PA,baseline,h0,9.418490392861818,-2.4388531212539415,7.0092612482506995,-11.361559892926,23.19846230780682,True,False,layer2_term
PA,baseline,dh,28.255471178585452,0.7106727729946747,28.657467240648373,-14.076728285826661,58.37464161954748,False,False,layer2_term
PA,adverse,u0,4.5,4.1,7.5,2.1,11.4,False,False,layer2_term
PA,adverse,du,3.9000000000000004,-1.6000000000000005,1.7000000000000002,-4.3,5.799999999999999,True,False,layer2_term
PA,adverse,h0,4.268909422835615,-2.4388531212539415,7.0092612482506995,-11.361559892926,23.19846230780682,False,False,layer2_term
PA,adverse,dh,-5.4131715238009095,0.7106727729946747,28.657467240648373,-14.076728285826661,58.37464161954748,True,False,layer2_term
RI,baseline,u0,5.227777777777778,3.9,9.2,2.1,11.4,False,False,layer2_term
RI,baseline,du,0.0,-2.8,1.5000000000000004,-4.3,5.799999999999999,False,False,layer2_term
RI,baseline,h0,11.342258241206379,-6.125856840864915,15.3950645352565,-11.361559892926,23.19846230780682,False,False,layer2_term
RI,baseline,dh,34.026774723619134,-7.363351722882168,47.256224066179314,-14.076728285826661,58.37464161954748,False,False,layer2_term
RI,adverse,u0,4.8,3.9,9.2,2.1,11.4,False,False,layer2_term
RI,adverse,du,7.000000000000001,-2.8,1.5000000000000004,-4.3,5.799999999999999,True,True,layer2_term
RI,adverse,h0,-0.31944367079001623,-6.125856840864915,15.3950645352565,-11.361559892926,23.19846230780682,False,False,layer2_term
RI,adverse,dh,-23.321994546011286,-7.363351722882168,47.256224066179314,-14.076728285826661,58.37464161954748,True,True,layer2_term
SC,baseline,u0,6.686111111111111,3.3,7.6,2.1,11.4,False,False,layer2_term
SC,baseline,du,0.0,-1.9000000000000004,3.4000000000000004,-4.3,5.799999999999999,False,False,layer2_term
SC,baseline,h0,6.357353157089174,2.0021302852105927,6.345349239691858,-11.361559892926,23.19846230780682,True,False,layer2_term
SC,baseline,dh,19.072059471267522,7.264372187459853,16.870531344999648,-14.076728285826661,58.37464161954748,True,False,layer2_term
SC,adverse,u0,5.9,3.3,7.6,2.1,11.4,False,False,layer2_term
SC,adverse,du,5.799999999999999,-1.9000000000000004,3.4000000000000004,-4.3,5.799999999999999,True,False,layer2_term
SC,adverse,h0,6.179749834647287,2.0021302852105927,6.345349239691858,-11.361559892926,23.19846230780682,False,False,layer2_term
SC,adverse,dh,-4.949149068799447,7.264372187459853,16.870531344999648,-14.076728285826661,58.37464161954748,True,False,layer2_term
SD,baseline,u0,3.363888888888889,2.4,3.6,2.1,11.4,False,False,layer2_term
SD,baseline,du,0.0,-0.7000000000000002,1.1,-4.3,5.799999999999999,False,False,layer2_term
SD,baseline,h0,5.620131384583974,2.0573490110361083,8.381303950223232,-11.361559892926,23.19846230780682,False,False,layer2_term
SD,baseline,dh,16.860394153751923,10.31500557966925,20.511492913818586,-14.076728285826661,58.37464161954748,False,False,layer2_term
SD,adverse,u0,2.9,2.4,3.6,2.1,11.4,False,False,layer2_term
SD,adverse,du,1.9,-0.7000000000000002,1.1,-4.3,5.799999999999999,True,False,layer2_term
SD,adverse,h0,4.8289162154944565,2.0573490110361083,8.381303950223232,-11.361559892926,23.19846230780682,False,False,layer2_term
SD,adverse,dh,2.548066117250094,10.31500557966925,20.511492913818586,-14.076728285826661,58.37464161954748,True,False,layer2_term
TN,baseline,u0,5.355555555555555,3.7,6.8,2.1,11.4,False,False,layer2_term
TN,baseline,du,0.0,-2.2,1.9,-4.3,5.799999999999999,False,False,layer2_term
TN,baseline,h0,5.714899211970636,0.272888694383573,6.382791661767416,-11.361559892926,23.19846230780682,False,False,layer2_term
TN,baseline,dh,17.144697635911907,9.300887030132813,16.096177483424853,-14.076728285826661,58.37464161954748,True,False,layer2_term
TN,adverse,u0,4.6,3.7,6.8,2.1,11.4,False,False,layer2_term
TN,adverse,du,5.9,-2.2,1.9,-4.3,5.799999999999999,True,True,layer2_term
TN,adverse,h0,5.918597537886247,0.272888694383573,6.382791661767416,-11.361559892926,23.19846230780682,False,False,layer2_term
TN,adverse,dh,-3.4302880160237796,9.300887030132813,16.096177483424853,-14.076728285826661,58.37464161954748,True,False,layer2_term
TX,baseline,u0,5.491666666666667,4.1,7.8,2.1,11.4,False,False,layer2_term
TX,baseline,du,0.0,-1.7999999999999998,2.6000000000000005,-4.3,5.799999999999999,False,False,layer2_term
TX,baseline,h0,4.175902699606216,-0.30790571628029223,7.100342758016328,-11.361559892926,23.19846230780682,False,False,layer2_term
TX,baseline,dh,12.52770809881865,5.087048577901866,18.189372951401864,-14.076728285826661,58.37464161954748,False,False,layer2_term
TX,adverse,u0,4.4,4.1,7.8,2.1,11.4,False,False,layer2_term
TX,adverse,du,4.0,-1.7999999999999998,2.6000000000000005,-4.3,5.799999999999999,True,False,layer2_term
TX,adverse,h0,5.697428568623375,-0.30790571628029223,7.100342758016328,-11.361559892926,23.19846230780682,False,False,layer2_term
TX,adverse,dh,2.100065790625273,5.087048577901866,18.189372951401864,-14.076728285826661,58.37464161954748,True,False,layer2_term
UT,baseline,u0,3.9694444444444446,3.1,5.9,2.1,11.4,False,False,layer2_term
UT,baseline,du,0.0,-2.3000000000000003,2.6999999999999997,-4.3,5.799999999999999,False,False,layer2_term
UT,baseline,h0,8.921552776244754,-0.6156720130710865,16.530950544604302,-11.361559892926,23.19846230780682,False,False,layer2_term
UT,baseline,dh,26.764658328734264,4.683736734671527,38.02558074147134,-14.076728285826661,58.37464161954748,False,False,layer2_term
UT,adverse,u0,2.4,3.1,5.9,2.1,11.4,True,False,layer2_term
UT,adverse,du,6.0,-2.3000000000000003,2.6999999999999997,-4.3,5.799999999999999,True,True,layer2_term
UT,adverse,h0,15.177113190821975,-0.6156720130710865,16.530950544604302,-11.361559892926,23.19846230780682,False,False,layer2_term
UT,adverse,dh,-12.458499160406287,4.683736734671527,38.02558074147134,-14.076728285826661,58.37464161954748,True,False,layer2_term
VA,baseline,u0,3.4277777777777776,2.2,6.3,2.1,11.4,False,False,layer2_term
VA,baseline,du,0.0,-2.0,1.9000000000000004,-4.3,5.799999999999999,False,False,layer2_term
VA,baseline,h0,13.865157843339711,-1.0124780085835117,8.666806543102142,-11.361559892926,23.19846230780682,True,False,layer2_term
VA,baseline,dh,41.595473530019135,1.1806144152605007,42.20470177421673,-14.076728285826661,58.37464161954748,False,False,layer2_term
VA,adverse,u0,3.0,2.2,6.3,2.1,11.4,False,False,layer2_term
VA,adverse,du,4.1,-2.0,1.9000000000000004,-4.3,5.799999999999999,True,False,layer2_term
VA,adverse,h0,4.312050507566443,-1.0124780085835117,8.666806543102142,-11.361559892926,23.19846230780682,False,False,layer2_term
VA,adverse,dh,-14.791454138738388,1.1806144152605007,42.20470177421673,-14.076728285826661,58.37464161954748,True,True,layer2_term
VT,baseline,u0,3.6000000000000005,2.7,6.7,2.1,11.4,False,False,layer2_term
VT,baseline,du,0.0,-2.2,1.7000000000000002,-4.3,5.799999999999999,False,False,layer2_term
VT,baseline,h0,11.14539755789856,-2.187162719580305,7.939953323453951,-11.361559892926,23.19846230780682,True,False,layer2_term
VT,baseline,dh,33.43619267369568,0.5321147730988538,34.764736272141974,-14.076728285826661,58.37464161954748,False,False,layer2_term
VT,adverse,u0,3.8,2.7,6.7,2.1,11.4,False,False,layer2_term
VT,adverse,du,2.8,-2.2,1.7000000000000002,-4.3,5.799999999999999,True,False,layer2_term
VT,adverse,h0,4.921844440201897,-2.187162719580305,7.939953323453951,-11.361559892926,23.19846230780682,False,False,layer2_term
VT,adverse,dh,-4.051243198592469,0.5321147730988538,34.764736272141974,-14.076728285826661,58.37464161954748,True,False,layer2_term
WA,baseline,u0,5.605555555555556,4.6,7.5,2.1,11.4,False,False,layer2_term
WA,baseline,du,0.0,-1.8999999999999995,2.5,-4.3,5.799999999999999,False,False,layer2_term
WA,baseline,h0,12.785654581259136,2.1684693883089206,10.23761766339251,-11.361559892926,23.19846230780682,True,False,layer2_term
WA,baseline,dh,38.356963743777406,9.116265432770335,32.99223653298286,-14.076728285826661,58.37464161954748,True,False,layer2_term
WA,adverse,u0,4.7,4.6,7.5,2.1,11.4,False,False,layer2_term
WA,adverse,du,5.7,-1.8999999999999995,2.5,-4.3,5.799999999999999,True,False,layer2_term
WA,adverse,h0,10.215222320836645,2.1684693883089206,10.23761766339251,-11.361559892926,23.19846230780682,False,False,layer2_term
WA,adverse,dh,-15.995303606641025,9.116265432770335,32.99223653298286,-14.076728285826661,58.37464161954748,True,True,layer2_term
WI,baseline,u0,4.78888888888889,3.0,5.6,2.1,11.4,False,False,layer2_term
WI,baseline,du,0.0,-1.5999999999999996,2.4999999999999996,-4.3,5.799999999999999,False,False,layer2_term
WI,baseline,h0,6.2187672166510675,3.326689930739833,9.665079640341602,-11.361559892926,23.19846230780682,False,False,layer2_term
WI,baseline,dh,18.656301649953203,11.689508696795539,20.72194248669218,-14.076728285826661,58.37464161954748,False,False,layer2_term
WI,adverse,u0,4.8,3.0,5.6,2.1,11.4,False,False,layer2_term
WI,adverse,du,4.3999999999999995,-1.5999999999999996,2.4999999999999996,-4.3,5.799999999999999,True,False,layer2_term
WI,adverse,h0,1.9557056278189964,3.326689930739833,9.665079640341602,-11.361559892926,23.19846230780682,True,False,layer2_term
WI,adverse,dh,-7.8846982629208435,11.689508696795539,20.72194248669218,-14.076728285826661,58.37464161954748,True,False,layer2_term
WV,baseline,u0,5.06388888888889,5.1,11.4,2.1,11.4,True,False,layer2_term
WV,baseline,du,0.0,-3.7,0.7000000000000002,-4.3,5.799999999999999,False,False,layer2_term
WV,baseline,h0,7.0683809371809465,-0.29578697403650117,5.973668168460335,-11.361559892926,23.19846230780682,True,False,layer2_term
WV,baseline,dh,21.20514281154284,7.515139969887981,21.094118833349945,-14.076728285826661,58.37464161954748,True,False,layer2_term
WV,adverse,u0,4.6,5.1,11.4,2.1,11.4,True,False,layer2_term
WV,adverse,du,4.1,-3.7,0.7000000000000002,-4.3,5.799999999999999,True,False,layer2_term
WV,adverse,h0,2.062323385193193,-0.29578697403650117,5.973668168460335,-11.361559892926,23.19846230780682,False,False,layer2_term
WV,adverse,dh,-4.187827876877463,7.515139969887981,21.094118833349945,-14.076728285826661,58.37464161954748,True,False,layer2_term
WY,baseline,u0,3.4916666666666667,3.7,5.6,2.1,11.4,True,False,layer2_term
WY,baseline,du,0.0,-1.2999999999999998,0.7999999999999998,-4.3,5.799999999999999,False,False,layer2_term
WY,baseline,h0,10.544824132542333,1.271512701259661,10.242228499372214,-11.361559892926,23.19846230780682,True,False,layer2_term
WY,baseline,dh,31.634472397627,8.407827219061623,28.141032433072017,-14.076728285826661,58.37464161954748,True,False,layer2_term
WY,adverse,u0,2.8,3.7,5.6,2.1,11.4,True,False,layer2_term
WY,adverse,du,4.7,-1.2999999999999998,0.7999999999999998,-4.3,5.799999999999999,True,False,layer2_term
WY,adverse,h0,11.207265802829996,1.271512701259661,10.242228499372214,-11.361559892926,23.19846230780682,True,False,layer2_term
WY,adverse,dh,-0.5430752820720445,8.407827219061623,28.141032433072017,-14.076728285826661,58.37464161954748,True,False,layer2_term
