feature,n,missing,outside_train_range,unseen_category,variant,role
log_approval,120002,0,886,0,layer2_term,oot
guarantee_share,120002,0,0,0,layer2_term,oot
InitialInterestRate,120002,435,0,0,layer2_term,oot
log_jobs,120002,0,0,0,layer2_term,oot
TermInMonths,120002,0,0,0,layer2_term,oot
u0,120002,0,4331,0,layer2_term,oot
du,120002,0,3921,0,layer2_term,oot
h0,120002,0,962,0,layer2_term,oot
dh,120002,0,0,0,layer2_term,oot
year_trend,120002,0,120002,0,layer2_term,oot
ProcessingMethod,120002,0,0,10890,layer2_term,oot
FixedorVariableInterestInd,120002,0,0,119567,layer2_term,oot
naics2,120002,0,0,0,layer2_term,oot
BusinessType,120002,0,0,0,layer2_term,oot
BusinessAge,120002,0,0,0,layer2_term,oot
franchise,120002,0,0,0,layer2_term,oot
loan_type,120002,0,0,0,layer2_term,oot
ProjectState,120002,0,0,0,layer2_term,oot
