trial,log_loss,best_iteration,seconds,objective,metric,verbosity,num_threads,deterministic,force_col_wise,seed,bagging_seed,feature_fraction_seed,num_leaves,min_data_in_leaf,learning_rate,feature_fraction,bagging_fraction,bagging_freq,feature_pre_filter,lambda_l1,lambda_l2
0,0.07440541534857252,1038,26.13686545897508,binary,binary_logloss,-1,4,True,True,20261008,20261008,20261008,63,50,0.029795134668390982,0.9280272704906022,0.8474583885327001,1,False,6.476080239333786,0.5120733542886349
1,0.07408838981022649,1062,13.622076332976576,binary,binary_logloss,-1,4,True,True,20261008,20261008,20261008,15,100,0.0608736488406446,0.9499359488734465,0.8731932234431785,1,False,0.0010994406023591328,0.0003096072498992565
2,0.07530807857230537,1499,21.060945500037633,binary,binary_logloss,-1,4,True,True,20261008,20261008,20261008,15,100,0.027454122651952424,0.7646137260629089,0.7628380634219096,1,False,0.08655328704400189,5.8651203121258195
3,0.07405709099316432,302,7.876387458003592,binary,binary_logloss,-1,4,True,True,20261008,20261008,20261008,63,200,0.05250276752885577,0.9042010811313405,0.9841902010679099,1,False,0.02962623944292493,0.0002587905529156789
4,0.07530445357863418,1500,20.176095874980092,binary,binary_logloss,-1,4,True,True,20261008,20261008,20261008,15,50,0.02434957088751805,0.922201785408398,0.9362072281627855,1,False,0.30076937760721056,0.0017460654754983139
5,0.0745711815500156,684,8.837863624969032,binary,binary_logloss,-1,4,True,True,20261008,20261008,20261008,15,50,0.08802495960366077,0.8207788901536397,0.8573476295099627,1,False,0.0005523112925126766,0.004501183336198175
6,0.0755342508543895,419,5.922904416976962,binary,binary_logloss,-1,4,True,True,20261008,20261008,20261008,15,200,0.0973950867677212,0.8061234759702249,0.7054216150764411,1,False,1.151932488383624,0.3342005126078244
7,0.07490008731189808,849,11.383675332996063,binary,binary_logloss,-1,4,True,True,20261008,20261008,20261008,15,200,0.058111169400860745,0.7685827082899389,0.8767335449555681,1,False,0.049239770964130014,4.1759435615317155
8,0.07602248731448032,986,13.691186584008392,binary,binary_logloss,-1,4,True,True,20261008,20261008,20261008,15,200,0.03122372303919924,0.9834378618409629,0.8955540579156889,1,False,0.001302956824062035,0.003323295040845612
9,0.07479162607590699,1116,14.780595458985772,binary,binary_logloss,-1,4,True,True,20261008,20261008,20261008,15,100,0.040046717528403296,0.7497516698458686,0.7646553021494535,1,False,1.332016700616238,0.010396337209586501
10,0.07247710385681935,880,19.13732641702518,binary,binary_logloss,-1,4,True,True,20261008,20261008,20261008,63,200,0.035913320921625344,0.7606998326114363,0.9856953236985061,1,False,0.01364391603089962,0.03383224287527918
11,0.07366149491967254,431,10.65008937503444,binary,binary_logloss,-1,4,True,True,20261008,20261008,20261008,63,200,0.0422770787077224,0.8904838420964675,0.9665419991083871,1,False,0.20978328804275406,0.015227126415062
12,0.07357792871732545,451,11.331122957984917,binary,binary_logloss,-1,4,True,True,20261008,20261008,20261008,63,200,0.039503663696518455,0.8096843489040176,0.9910902697004962,1,False,0.013346901638409106,0.04512282228362875
13,0.07228341150231567,822,18.41378579195589,binary,binary_logloss,-1,4,True,True,20261008,20261008,20261008,63,200,0.04085565367269846,0.8276971898231513,0.9421966986632511,1,False,0.0009970613355003077,0.013212465953526964
14,0.07331721092351492,687,16.129683875013143,binary,binary_logloss,-1,4,True,True,20261008,20261008,20261008,63,200,0.029006404645510138,0.8499885442637527,0.9094347761904247,1,False,0.0005133022044245086,0.002729718974914231
15,0.0736202064614771,438,12.69475850003073,binary,binary_logloss,-1,4,True,True,20261008,20261008,20261008,63,200,0.03847002865477257,0.7764764139986794,0.8479452254135689,1,False,0.00027105225913730784,0.20971345207807515
16,0.07273000522004423,879,24.1563996670302,binary,binary_logloss,-1,4,True,True,20261008,20261008,20261008,63,200,0.024916516430607792,0.8012697482616625,0.9644160651890628,1,False,0.006163028546259831,0.027449519590528295
17,0.07291691114753082,389,11.077012374997139,binary,binary_logloss,-1,4,True,True,20261008,20261008,20261008,63,200,0.06666067737451122,0.7971790749189389,0.9236591097652507,1,False,0.02792844935382862,0.003347755818469121
18,0.07269127125237586,645,24.55074129201239,binary,binary_logloss,-1,4,True,True,20261008,20261008,20261008,63,200,0.03626498008017063,0.8153225123113358,0.9908551670757952,1,False,0.00017891002092127568,0.007301144983186355
19,0.0725476344921922,1109,34.1948716249899,binary,binary_logloss,-1,4,True,True,20261008,20261008,20261008,63,200,0.024803264944820002,0.8046898765087799,0.9707297384346681,1,False,0.0003335460423984,0.5863987951256574
20,0.0725993234922927,866,20.668996917025652,binary,binary_logloss,-1,4,True,True,20261008,20261008,20261008,63,200,0.032310027999818226,0.800493970813122,0.8731214018231985,1,False,0.020957364849019007,1.3842964751586244
21,0.07245799907406783,1090,24.103967041010037,binary,binary_logloss,-1,4,True,True,20261008,20261008,20261008,63,200,0.034250983745930906,0.7657006766863602,0.9934894269620433,1,False,0.00034389481774832237,0.125472386682054
22,0.07297822571076225,450,11.323317832953762,binary,binary_logloss,-1,4,True,True,20261008,20261008,20261008,63,200,0.046312064481129615,0.8348997499185937,0.9275341660557144,1,False,0.0008946815363296567,0.0620032282677738
23,0.07345880867086059,520,12.710698582988698,binary,binary_logloss,-1,4,True,True,20261008,20261008,20261008,63,200,0.036491457485802785,0.7071827808754027,0.9211810088626269,1,False,0.0006477550724903631,0.5580981208458924
24,0.07301694261471547,878,20.39476412499789,binary,binary_logloss,-1,4,True,True,20261008,20261008,20261008,63,200,0.03400187708012918,0.7290011997643864,0.898015697839035,1,False,0.0035016754101865406,0.028874937001499415
25,0.07250704201160124,882,19.38321633299347,binary,binary_logloss,-1,4,True,True,20261008,20261008,20261008,63,200,0.04265842366423412,0.7816704196947659,0.9338235353533515,1,False,0.011248951883102239,0.08923766864025669
26,0.07202364257451055,1033,22.42396187502891,binary,binary_logloss,-1,4,True,True,20261008,20261008,20261008,63,200,0.03202874099401887,0.7011277910828893,0.9687474191684866,1,False,0.0009563881224856314,0.002174341951009396
27,0.07342664987696308,398,9.81600500002969,binary,binary_logloss,-1,4,True,True,20261008,20261008,20261008,63,200,0.04177360551015661,0.8072627869422938,0.939338038505591,1,False,0.002990350472746349,0.002505650359109607
28,0.07273055514429412,916,20.73641166696325,binary,binary_logloss,-1,4,True,True,20261008,20261008,20261008,63,200,0.025415643972450115,0.7441674180402714,0.9641065863796352,1,False,0.013041038175983186,0.010074876350647669
29,0.07264659599160038,731,15.88204825000139,binary,binary_logloss,-1,4,True,True,20261008,20261008,20261008,63,200,0.03903960060121809,0.7061724452081317,0.9825993116682017,1,False,0.00590063854372391,0.0013352637080135668
30,0.072645697846721,836,18.90478412504308,binary,binary_logloss,-1,4,True,True,20261008,20261008,20261008,63,200,0.035808790763995846,0.804029619646765,0.9702755694528614,1,False,0.00012447607336323085,0.5954854565551531
31,0.0722635018374897,911,19.458019499958027,binary,binary_logloss,-1,4,True,True,20261008,20261008,20261008,63,200,0.03939506054150424,0.7419546588100047,0.9650611154984194,1,False,0.00017650766413035025,0.0038239377783940358
32,0.0725179609062703,862,18.555933459021617,binary,binary_logloss,-1,4,True,True,20261008,20261008,20261008,63,200,0.03438293529168204,0.7656501756498687,0.9772756131016277,1,False,0.00014242860174717704,0.0011311443439423585
33,0.07242351254307605,856,18.678187208017334,binary,binary_logloss,-1,4,True,True,20261008,20261008,20261008,63,200,0.03479837760923549,0.7258344017274255,0.9687793172389967,1,False,0.00018120551504054698,0.1407767518251524
34,0.07216040681061112,843,18.56380862504011,binary,binary_logloss,-1,4,True,True,20261008,20261008,20261008,63,200,0.034669831595922886,0.7909094363210377,0.9507702308485175,1,False,0.0005635533030625349,0.020201145588488217
35,0.07304848754924509,648,14.566914000024553,binary,binary_logloss,-1,4,True,True,20261008,20261008,20261008,63,200,0.036565790374079817,0.73154148047247,0.9635073301781417,1,False,0.0013311889568811597,0.006178533253991306
36,0.07312085574552116,941,21.05276904202765,binary,binary_logloss,-1,4,True,True,20261008,20261008,20261008,63,200,0.024825837120107736,0.756873367362486,0.985434107355819,1,False,0.00033376685921236737,0.017542499939062657
37,0.0732576112392974,919,20.684534541040193,binary,binary_logloss,-1,4,True,True,20261008,20261008,20261008,63,200,0.027153816054786523,0.753242457300913,0.9887811520831347,1,False,0.00120734640690158,0.002740721550224715
38,0.07215560131719313,1102,23.568274207995273,binary,binary_logloss,-1,4,True,True,20261008,20261008,20261008,63,200,0.028483255754471342,0.7101871817124049,0.9607281045344828,1,False,0.0012785711562703164,0.00038531924009910115
39,0.0726876285296499,851,20.365232624986675,binary,binary_logloss,-1,4,True,True,20261008,20261008,20261008,63,200,0.03720119331704474,0.719523995802407,0.9324336927801985,1,False,0.0014759119391004915,0.0007276934733887346
40,0.07280431879484117,845,20.961879250011407,binary,binary_logloss,-1,4,True,True,20261008,20261008,20261008,63,200,0.028386947270801374,0.7425330357752926,0.9454532992332432,1,False,0.0012367288325253933,0.0007520325595295659
41,0.07331475560094645,743,18.582305040967185,binary,binary_logloss,-1,4,True,True,20261008,20261008,20261008,63,200,0.027093587477436506,0.7463549846889473,0.9924876500818324,1,False,0.00025987307216380465,0.0012401731564168558
42,0.07243475453387004,1015,24.567402083950583,binary,binary_logloss,-1,4,True,True,20261008,20261008,20261008,63,200,0.028313602076521907,0.7434121848661709,0.921388805018582,1,False,0.005318479145363459,0.00020372052981630886
43,0.07252789466578177,800,21.17477612500079,binary,binary_logloss,-1,4,True,True,20261008,20261008,20261008,63,200,0.04155559453856099,0.7509978906584273,0.9920617626717265,1,False,0.001627871157783445,0.001206146758615869
44,0.07193244871738996,1482,37.16748100001132,binary,binary_logloss,-1,4,True,True,20261008,20261008,20261008,63,200,0.023827157791160646,0.7012866346371467,0.9451927962584119,1,False,0.00018301290999369013,0.005112642119673125
45,0.07240374324993068,1005,24.11190629203338,binary,binary_logloss,-1,4,True,True,20261008,20261008,20261008,63,200,0.029441967801754614,0.7024006650238731,0.9772606148338245,1,False,0.00011241584006540399,0.007080034247261731
46,0.07193607424501199,1465,35.881764416000806,binary,binary_logloss,-1,4,True,True,20261008,20261008,20261008,63,200,0.02039295780166477,0.713471936233859,0.9152931801660017,1,False,0.00036736652615294705,0.0008033993571976351
47,0.07246052098200492,1095,27.88639608299127,binary,binary_logloss,-1,4,True,True,20261008,20261008,20261008,63,200,0.025550980447888415,0.7113584608188361,0.9766974336066315,1,False,0.001737588086850963,0.0002425242426857795
48,0.07262964950610684,1040,27.643610708008055,binary,binary_logloss,-1,4,True,True,20261008,20261008,20261008,63,200,0.0230862809300138,0.7228622808596753,0.9465872879861457,1,False,0.0004131437858722191,0.002324926649278859
49,0.07266165737918193,850,21.680248000018764,binary,binary_logloss,-1,4,True,True,20261008,20261008,20261008,63,200,0.030634535897317575,0.7212802000372128,0.9010110466635014,1,False,0.00016142504731372933,0.002302849653557965
