C,l1_ratio,log_loss,converged,iterations,seconds
0.0001,0.0,0.13444328443914524,True,212,27.76128479099134
0.00046415888336127773,0.0,0.13203543519048846,True,16,2.0982814169838093
0.002154434690031882,0.0,0.13053569298290127,True,208,26.217282707977574
0.01,0.0,0.1304481953477247,True,376,45.16660620900802
0.046415888336127774,0.0,0.13065475442197835,True,16,1.899811834038701
0.21544346900318823,0.0,0.13076682215278163,True,35,4.0699842919711955
1.0,0.0,0.1308138030641052,True,106,12.430454624991398
4.641588833612772,0.0,0.1308522430720573,True,306,33.96911958401324
21.54434690031882,0.0,0.13090389511276654,True,695,81.78349941701163
100.0,0.0,0.13096207617914826,False,1000,113.60597754199989
0.0001,0.25,0.13595079085179007,True,12,1.4201269590412267
0.00046415888336127773,0.25,0.1334050065996219,True,16,2.0807253749808297
0.002154434690031882,0.25,0.13187183457191282,True,197,32.561082208005246
0.01,0.25,0.13114751647817843,True,318,71.70292000001064
0.046415888336127774,0.25,0.1307784886328152,True,80,24.743798583978787
0.21544346900318823,0.25,0.13081050316078602,True,33,10.34868324996205
1.0,0.25,0.1308148601254305,True,109,35.654264666023664
4.641588833612772,0.25,0.13084274832229112,True,358,120.16594566695858
21.54434690031882,0.25,0.13089950744352385,True,776,295.0220884999726
100.0,0.25,0.13095866328753714,False,1000,435.9988880419987
0.0001,0.5,0.1383699164113661,True,12,2.1956608750042506
0.00046415888336127773,0.5,0.13362834051421257,True,16,3.968441959004849
0.002154434690031882,0.5,0.132693230952127,True,226,45.950433249992784
0.01,0.5,0.13210040461399006,True,401,106.04742087499471
0.046415888336127774,0.5,0.13092400518392608,True,102,34.85175254201749
0.21544346900318823,0.5,0.13084076283885815,True,83,32.172189666947816
1.0,0.5,0.13082039021745062,True,74,29.857970124983694
4.641588833612772,0.5,0.13083368133819284,True,389,161.82105554197915
21.54434690031882,0.5,0.1308949694369139,True,883,339.73846008296823
100.0,0.5,0.13095683376728265,False,1000,349.82061704201624
0.0001,0.75,0.14070377101136836,True,4,0.45915962499566376
0.00046415888336127773,0.75,0.1336463772705614,True,16,1.8524189999443479
0.002154434690031882,0.75,0.13285449827946028,True,292,41.56233591696946
0.01,0.75,0.1326788508846934,True,509,98.00994250003714
0.046415888336127774,0.75,0.1311043294766898,True,157,44.821197958954144
0.21544346900318823,0.75,0.1308517486363882,True,39,14.737605041998904
1.0,0.75,0.1308260166019195,True,85,31.97031645901734
4.641588833612772,0.75,0.13083268489261626,True,417,165.93568591598887
21.54434690031882,0.75,0.13089087788679296,False,1000,449.1033867909573
100.0,0.75,0.13095482589130608,False,1000,447.90664941596333
0.0001,1.0,0.14068195168677322,True,4,0.7562812080141157
0.00046415888336127773,1.0,0.1338480815798633,True,11,2.1763877919875085
0.002154434690031882,1.0,0.13287311230325274,True,622,116.05353383300826
0.01,1.0,0.13293975915215703,True,162,29.01354812498903
0.046415888336127774,1.0,0.1312017404270229,True,16,2.8392879579914734
0.21544346900318823,1.0,0.13084971748809576,True,44,11.337227375013754
1.0,1.0,0.13083482863887466,True,102,30.173456249991432
4.641588833612772,1.0,0.13083293763655784,True,441,192.67012533399975
21.54434690031882,1.0,0.13088440062903586,False,1000,355.11920049996115
100.0,1.0,0.13095144296363348,False,1000,337.6736455829814
