Bin,Loans,Lower edge %,Upper edge %,Predicted %,Recorded % [95%]
1,"24,535",-inf,1.40,0.89,"0.53 [0.43, 0.67]"
2,"12,067",1.40,1.95,1.66,"1.05 [0.86, 1.25]"
3,"10,790",1.95,2.53,2.24,"1.28 [1.04, 1.50]"
4,"10,228",2.53,3.22,2.87,"1.53 [1.28, 1.72]"
5,"9,714",3.22,4.03,3.61,"2.07 [1.57, 2.48]"
6,"8,740",4.03,5.10,4.52,"2.17 [1.69, 2.62]"
7,"6,411",5.10,6.55,5.73,"2.89 [2.19, 3.56]"
8,"3,773",6.55,8.85,7.42,"3.45 [2.81, 4.02]"
9,876,8.85,13.70,10.09,"3.54 [2.13, 4.60]"
10,22,13.70,inf,15.76,"0.00 [0.00, 0.00]"
