Scenario,Quantity,Point [95%],Successful draws,macro_information_context,loss_accounting
baseline,PD (%),"5.16 [4.61, 5.79]",198,Scenario projections on the fixed 2006 portfolio; not out-of-sample validation,"EAD = GrossApproval; full-disbursement proxy, CCF = 100%. LGD is the gross charge-off proxy on the same approval denominator. SBA/lender amounts use assumption-based pro-rata guarantee allocation."
baseline,EL ($m),"215.58 [194.85, 234.99]",198,Scenario projections on the fixed 2006 portfolio; not out-of-sample validation,"EAD = GrossApproval; full-disbursement proxy, CCF = 100%. LGD is the gross charge-off proxy on the same approval denominator. SBA/lender amounts use assumption-based pro-rata guarantee allocation."
baseline,SBA ($m),"135.38 [123.96, 146.81]",198,Scenario projections on the fixed 2006 portfolio; not out-of-sample validation,"EAD = GrossApproval; full-disbursement proxy, CCF = 100%. LGD is the gross charge-off proxy on the same approval denominator. SBA/lender amounts use assumption-based pro-rata guarantee allocation."
baseline,Lender ($m),"80.20 [70.79, 88.69]",198,Scenario projections on the fixed 2006 portfolio; not out-of-sample validation,"EAD = GrossApproval; full-disbursement proxy, CCF = 100%. LGD is the gross charge-off proxy on the same approval denominator. SBA/lender amounts use assumption-based pro-rata guarantee allocation."
baseline,Loss / approval (%),"1.67 [1.51, 1.83]",198,Scenario projections on the fixed 2006 portfolio; not out-of-sample validation,"EAD = GrossApproval; full-disbursement proxy, CCF = 100%. LGD is the gross charge-off proxy on the same approval denominator. SBA/lender amounts use assumption-based pro-rata guarantee allocation."
adverse,PD (%),"12.78 [12.46, 13.34]",198,Scenario projections on the fixed 2006 portfolio; not out-of-sample validation,"EAD = GrossApproval; full-disbursement proxy, CCF = 100%. LGD is the gross charge-off proxy on the same approval denominator. SBA/lender amounts use assumption-based pro-rata guarantee allocation."
adverse,EL ($m),"572.87 [528.21, 620.28]",198,Scenario projections on the fixed 2006 portfolio; not out-of-sample validation,"EAD = GrossApproval; full-disbursement proxy, CCF = 100%. LGD is the gross charge-off proxy on the same approval denominator. SBA/lender amounts use assumption-based pro-rata guarantee allocation."
adverse,SBA ($m),"360.71 [328.19, 393.90]",198,Scenario projections on the fixed 2006 portfolio; not out-of-sample validation,"EAD = GrossApproval; full-disbursement proxy, CCF = 100%. LGD is the gross charge-off proxy on the same approval denominator. SBA/lender amounts use assumption-based pro-rata guarantee allocation."
adverse,Lender ($m),"212.16 [199.49, 227.03]",198,Scenario projections on the fixed 2006 portfolio; not out-of-sample validation,"EAD = GrossApproval; full-disbursement proxy, CCF = 100%. LGD is the gross charge-off proxy on the same approval denominator. SBA/lender amounts use assumption-based pro-rata guarantee allocation."
adverse,Loss / approval (%),"4.45 [4.10, 4.82]",198,Scenario projections on the fixed 2006 portfolio; not out-of-sample validation,"EAD = GrossApproval; full-disbursement proxy, CCF = 100%. LGD is the gross charge-off proxy on the same approval denominator. SBA/lender amounts use assumption-based pro-rata guarantee allocation."
adverse minus baseline,Change PD (pp),"7.62 [6.77, 8.62]",198,Scenario projections on the fixed 2006 portfolio; not out-of-sample validation,"EAD = GrossApproval; full-disbursement proxy, CCF = 100%. LGD is the gross charge-off proxy on the same approval denominator. SBA/lender amounts use assumption-based pro-rata guarantee allocation."
adverse minus baseline,Change EL ($m),"357.30 [304.86, 411.90]",198,Scenario projections on the fixed 2006 portfolio; not out-of-sample validation,"EAD = GrossApproval; full-disbursement proxy, CCF = 100%. LGD is the gross charge-off proxy on the same approval denominator. SBA/lender amounts use assumption-based pro-rata guarantee allocation."
adverse minus baseline,Change SBA ($m),"225.33 [189.40, 261.74]",198,Scenario projections on the fixed 2006 portfolio; not out-of-sample validation,"EAD = GrossApproval; full-disbursement proxy, CCF = 100%. LGD is the gross charge-off proxy on the same approval denominator. SBA/lender amounts use assumption-based pro-rata guarantee allocation."
adverse minus baseline,Change lender ($m),"131.96 [114.46, 151.14]",198,Scenario projections on the fixed 2006 portfolio; not out-of-sample validation,"EAD = GrossApproval; full-disbursement proxy, CCF = 100%. LGD is the gross charge-off proxy on the same approval denominator. SBA/lender amounts use assumption-based pro-rata guarantee allocation."
