value,n,change,evaluation,interpretation,layer_interpretation,feature,group,group_value,lower,upper,effective_interval_draws,variant,attempted_draws,successful_model_draws,interval,outcome,macro_information_context,specification_role
0.5348835264373184,89002,+1 percentage point du,2006 fixed portfolio observed macro paths,"conditional finite-change association, not causal",Retrospective conditional validation using realized macro paths.,du,overall,all,0.2655206356236969,0.7717587101305206,198,layer2,199,198,"95% percentile, positive state-weighted multiplier bootstrap; Firth re-estimated; fixed preprocessing/LGD/portfolio/scenarios",recorded charge-off within 36 months,Fixed 2006 observed macro reference with +1 pp conditional contrast; not an approval-time forecast or causal effect,Term-free primary specification
0.6086604290955824,37202,+1 percentage point du,2006 fixed portfolio observed macro paths,"conditional finite-change association, not causal",Retrospective conditional validation using realized macro paths.,du,loan_type,revolving,0.3063587165375668,0.8679912497768939,198,layer2,199,198,"95% percentile, positive state-weighted multiplier bootstrap; Firth re-estimated; fixed preprocessing/LGD/portfolio/scenarios",recorded charge-off within 36 months,Fixed 2006 observed macro reference with +1 pp conditional contrast; not an approval-time forecast or causal effect,Term-free primary specification
0.4818980373892028,51800,+1 percentage point du,2006 fixed portfolio observed macro paths,"conditional finite-change association, not causal",Retrospective conditional validation using realized macro paths.,du,loan_type,term,0.2412588898508465,0.7100880352041632,198,layer2,199,198,"95% percentile, positive state-weighted multiplier bootstrap; Firth re-estimated; fixed preprocessing/LGD/portfolio/scenarios",recorded charge-off within 36 months,Fixed 2006 observed macro reference with +1 pp conditional contrast; not an approval-time forecast or causal effect,Term-free primary specification
0.2862273586354069,9230,+1 percentage point du,2006 fixed portfolio observed macro paths,"conditional finite-change association, not causal",Retrospective conditional validation using realized macro paths.,du,size_band,150k-350k,0.1351564830928521,0.4255490061491685,198,layer2,199,198,"95% percentile, positive state-weighted multiplier bootstrap; Firth re-estimated; fixed preprocessing/LGD/portfolio/scenarios",recorded charge-off within 36 months,Fixed 2006 observed macro reference with +1 pp conditional contrast; not an approval-time forecast or causal effect,Term-free primary specification
0.1942177421356397,6808,+1 percentage point du,2006 fixed portfolio observed macro paths,"conditional finite-change association, not causal",Retrospective conditional validation using realized macro paths.,du,size_band,350k-1m,0.0904819245366303,0.3012638544417712,198,layer2,199,198,"95% percentile, positive state-weighted multiplier bootstrap; Firth re-estimated; fixed preprocessing/LGD/portfolio/scenarios",recorded charge-off within 36 months,Fixed 2006 observed macro reference with +1 pp conditional contrast; not an approval-time forecast or causal effect,Term-free primary specification
0.6122633569352676,70652,+1 percentage point du,2006 fixed portfolio observed macro paths,"conditional finite-change association, not causal",Retrospective conditional validation using realized macro paths.,du,size_band,<=150k,0.3067116850859043,0.8771903487335581,198,layer2,199,198,"95% percentile, positive state-weighted multiplier bootstrap; Firth re-estimated; fixed preprocessing/LGD/portfolio/scenarios",recorded charge-off within 36 months,Fixed 2006 observed macro reference with +1 pp conditional contrast; not an approval-time forecast or causal effect,Term-free primary specification
0.1660726717646163,2312,+1 percentage point du,2006 fixed portfolio observed macro paths,"conditional finite-change association, not causal",Retrospective conditional validation using realized macro paths.,du,size_band,>1m,0.0816726301086269,0.2559381553434828,198,layer2,199,198,"95% percentile, positive state-weighted multiplier bootstrap; Firth re-estimated; fixed preprocessing/LGD/portfolio/scenarios",recorded charge-off within 36 months,Fixed 2006 observed macro reference with +1 pp conditional contrast; not an approval-time forecast or causal effect,Term-free primary specification
0.1575342137648389,487,+1 percentage point du,2006 fixed portfolio observed macro paths,"conditional finite-change association, not causal",Retrospective conditional validation using realized macro paths.,du,naics2,11,0.0773426946582565,0.2410534878662461,198,layer2,199,198,"95% percentile, positive state-weighted multiplier bootstrap; Firth re-estimated; fixed preprocessing/LGD/portfolio/scenarios",recorded charge-off within 36 months,Fixed 2006 observed macro reference with +1 pp conditional contrast; not an approval-time forecast or causal effect,Term-free primary specification
0.2821309810916357,151,+1 percentage point du,2006 fixed portfolio observed macro paths,"conditional finite-change association, not causal",Retrospective conditional validation using realized macro paths.,du,naics2,21,0.129231912707525,0.4473396871916119,198,layer2,199,198,"95% percentile, positive state-weighted multiplier bootstrap; Firth re-estimated; fixed preprocessing/LGD/portfolio/scenarios",recorded charge-off within 36 months,Fixed 2006 observed macro reference with +1 pp conditional contrast; not an approval-time forecast or causal effect,Term-free primary specification
0.4456083935452072,65,+1 percentage point du,2006 fixed portfolio observed macro paths,"conditional finite-change association, not causal",Retrospective conditional validation using realized macro paths.,du,naics2,22,0.2160506942644631,0.6966811293799988,198,layer2,199,198,"95% percentile, positive state-weighted multiplier bootstrap; Firth re-estimated; fixed preprocessing/LGD/portfolio/scenarios",recorded charge-off within 36 months,Fixed 2006 observed macro reference with +1 pp conditional contrast; not an approval-time forecast or causal effect,Term-free primary specification
0.5537336029484263,9903,+1 percentage point du,2006 fixed portfolio observed macro paths,"conditional finite-change association, not causal",Retrospective conditional validation using realized macro paths.,du,naics2,23,0.2692438030999253,0.8135259557548145,198,layer2,199,198,"95% percentile, positive state-weighted multiplier bootstrap; Firth re-estimated; fixed preprocessing/LGD/portfolio/scenarios",recorded charge-off within 36 months,Fixed 2006 observed macro reference with +1 pp conditional contrast; not an approval-time forecast or causal effect,Term-free primary specification
0.5460377167009202,1335,+1 percentage point du,2006 fixed portfolio observed macro paths,"conditional finite-change association, not causal",Retrospective conditional validation using realized macro paths.,du,naics2,31,0.2817015099218093,0.7744052022131388,198,layer2,199,198,"95% percentile, positive state-weighted multiplier bootstrap; Firth re-estimated; fixed preprocessing/LGD/portfolio/scenarios",recorded charge-off within 36 months,Fixed 2006 observed macro reference with +1 pp conditional contrast; not an approval-time forecast or causal effect,Term-free primary specification
0.4397582413658574,1777,+1 percentage point du,2006 fixed portfolio observed macro paths,"conditional finite-change association, not causal",Retrospective conditional validation using realized macro paths.,du,naics2,32,0.2208239607247261,0.6578778094897252,198,layer2,199,198,"95% percentile, positive state-weighted multiplier bootstrap; Firth re-estimated; fixed preprocessing/LGD/portfolio/scenarios",recorded charge-off within 36 months,Fixed 2006 observed macro reference with +1 pp conditional contrast; not an approval-time forecast or causal effect,Term-free primary specification
0.4241689672624653,3428,+1 percentage point du,2006 fixed portfolio observed macro paths,"conditional finite-change association, not causal",Retrospective conditional validation using realized macro paths.,du,naics2,33,0.2118621651523876,0.6247296310120419,198,layer2,199,198,"95% percentile, positive state-weighted multiplier bootstrap; Firth re-estimated; fixed preprocessing/LGD/portfolio/scenarios",recorded charge-off within 36 months,Fixed 2006 observed macro reference with +1 pp conditional contrast; not an approval-time forecast or causal effect,Term-free primary specification
0.6607094552261525,5131,+1 percentage point du,2006 fixed portfolio observed macro paths,"conditional finite-change association, not causal",Retrospective conditional validation using realized macro paths.,du,naics2,42,0.3418144811056227,0.9262291785276742,198,layer2,199,198,"95% percentile, positive state-weighted multiplier bootstrap; Firth re-estimated; fixed preprocessing/LGD/portfolio/scenarios",recorded charge-off within 36 months,Fixed 2006 observed macro reference with +1 pp conditional contrast; not an approval-time forecast or causal effect,Term-free primary specification
0.5646746135710976,11181,+1 percentage point du,2006 fixed portfolio observed macro paths,"conditional finite-change association, not causal",Retrospective conditional validation using realized macro paths.,du,naics2,44,0.2829947415841257,0.8006497918673955,198,layer2,199,198,"95% percentile, positive state-weighted multiplier bootstrap; Firth re-estimated; fixed preprocessing/LGD/portfolio/scenarios",recorded charge-off within 36 months,Fixed 2006 observed macro reference with +1 pp conditional contrast; not an approval-time forecast or causal effect,Term-free primary specification
0.6540183033282265,4704,+1 percentage point du,2006 fixed portfolio observed macro paths,"conditional finite-change association, not causal",Retrospective conditional validation using realized macro paths.,du,naics2,45,0.3297495101484115,0.9375761551891824,198,layer2,199,198,"95% percentile, positive state-weighted multiplier bootstrap; Firth re-estimated; fixed preprocessing/LGD/portfolio/scenarios",recorded charge-off within 36 months,Fixed 2006 observed macro reference with +1 pp conditional contrast; not an approval-time forecast or causal effect,Term-free primary specification
0.649206146581705,3647,+1 percentage point du,2006 fixed portfolio observed macro paths,"conditional finite-change association, not causal",Retrospective conditional validation using realized macro paths.,du,naics2,48,0.3165246908454562,0.971134324200757,198,layer2,199,198,"95% percentile, positive state-weighted multiplier bootstrap; Firth re-estimated; fixed preprocessing/LGD/portfolio/scenarios",recorded charge-off within 36 months,Fixed 2006 observed macro reference with +1 pp conditional contrast; not an approval-time forecast or causal effect,Term-free primary specification
0.5875696425041442,323,+1 percentage point du,2006 fixed portfolio observed macro paths,"conditional finite-change association, not causal",Retrospective conditional validation using realized macro paths.,du,naics2,49,0.2827032102272768,0.90993383695752,198,layer2,199,198,"95% percentile, positive state-weighted multiplier bootstrap; Firth re-estimated; fixed preprocessing/LGD/portfolio/scenarios",recorded charge-off within 36 months,Fixed 2006 observed macro reference with +1 pp conditional contrast; not an approval-time forecast or causal effect,Term-free primary specification
0.6568797242392326,1561,+1 percentage point du,2006 fixed portfolio observed macro paths,"conditional finite-change association, not causal",Retrospective conditional validation using realized macro paths.,du,naics2,51,0.3305092515016386,0.9411794296690066,198,layer2,199,198,"95% percentile, positive state-weighted multiplier bootstrap; Firth re-estimated; fixed preprocessing/LGD/portfolio/scenarios",recorded charge-off within 36 months,Fixed 2006 observed macro reference with +1 pp conditional contrast; not an approval-time forecast or causal effect,Term-free primary specification
0.6184008808111754,1558,+1 percentage point du,2006 fixed portfolio observed macro paths,"conditional finite-change association, not causal",Retrospective conditional validation using realized macro paths.,du,naics2,52,0.3192954477261376,0.8957476241915221,198,layer2,199,198,"95% percentile, positive state-weighted multiplier bootstrap; Firth re-estimated; fixed preprocessing/LGD/portfolio/scenarios",recorded charge-off within 36 months,Fixed 2006 observed macro reference with +1 pp conditional contrast; not an approval-time forecast or causal effect,Term-free primary specification
0.6997458917785879,2301,+1 percentage point du,2006 fixed portfolio observed macro paths,"conditional finite-change association, not causal",Retrospective conditional validation using realized macro paths.,du,naics2,53,0.3538434904838091,1.012225085100519,198,layer2,199,198,"95% percentile, positive state-weighted multiplier bootstrap; Firth re-estimated; fixed preprocessing/LGD/portfolio/scenarios",recorded charge-off within 36 months,Fixed 2006 observed macro reference with +1 pp conditional contrast; not an approval-time forecast or causal effect,Term-free primary specification
0.5111655914156685,9044,+1 percentage point du,2006 fixed portfolio observed macro paths,"conditional finite-change association, not causal",Retrospective conditional validation using realized macro paths.,du,naics2,54,0.2588682839392622,0.7596128540983053,198,layer2,199,198,"95% percentile, positive state-weighted multiplier bootstrap; Firth re-estimated; fixed preprocessing/LGD/portfolio/scenarios",recorded charge-off within 36 months,Fixed 2006 observed macro reference with +1 pp conditional contrast; not an approval-time forecast or causal effect,Term-free primary specification
0.4177876447057355,26,+1 percentage point du,2006 fixed portfolio observed macro paths,"conditional finite-change association, not causal",Retrospective conditional validation using realized macro paths.,du,naics2,55,0.2021370103326531,0.6565896104045318,198,layer2,199,198,"95% percentile, positive state-weighted multiplier bootstrap; Firth re-estimated; fixed preprocessing/LGD/portfolio/scenarios",recorded charge-off within 36 months,Fixed 2006 observed macro reference with +1 pp conditional contrast; not an approval-time forecast or causal effect,Term-free primary specification
0.57713772747696,5048,+1 percentage point du,2006 fixed portfolio observed macro paths,"conditional finite-change association, not causal",Retrospective conditional validation using realized macro paths.,du,naics2,56,0.2921579238773891,0.8487842295584852,198,layer2,199,198,"95% percentile, positive state-weighted multiplier bootstrap; Firth re-estimated; fixed preprocessing/LGD/portfolio/scenarios",recorded charge-off within 36 months,Fixed 2006 observed macro reference with +1 pp conditional contrast; not an approval-time forecast or causal effect,Term-free primary specification
0.5415731539939362,1045,+1 percentage point du,2006 fixed portfolio observed macro paths,"conditional finite-change association, not causal",Retrospective conditional validation using realized macro paths.,du,naics2,61,0.275060899135331,0.7837438749614225,198,layer2,199,198,"95% percentile, positive state-weighted multiplier bootstrap; Firth re-estimated; fixed preprocessing/LGD/portfolio/scenarios",recorded charge-off within 36 months,Fixed 2006 observed macro reference with +1 pp conditional contrast; not an approval-time forecast or causal effect,Term-free primary specification
0.2902082383757458,5626,+1 percentage point du,2006 fixed portfolio observed macro paths,"conditional finite-change association, not causal",Retrospective conditional validation using realized macro paths.,du,naics2,62,0.1468023072479564,0.4183386622286655,198,layer2,199,198,"95% percentile, positive state-weighted multiplier bootstrap; Firth re-estimated; fixed preprocessing/LGD/portfolio/scenarios",recorded charge-off within 36 months,Fixed 2006 observed macro reference with +1 pp conditional contrast; not an approval-time forecast or causal effect,Term-free primary specification
0.5931903461336093,1804,+1 percentage point du,2006 fixed portfolio observed macro paths,"conditional finite-change association, not causal",Retrospective conditional validation using realized macro paths.,du,naics2,71,0.2951835755574342,0.8836567501506075,198,layer2,199,198,"95% percentile, positive state-weighted multiplier bootstrap; Firth re-estimated; fixed preprocessing/LGD/portfolio/scenarios",recorded charge-off within 36 months,Fixed 2006 observed macro reference with +1 pp conditional contrast; not an approval-time forecast or causal effect,Term-free primary specification
0.4800080266275164,9811,+1 percentage point du,2006 fixed portfolio observed macro paths,"conditional finite-change association, not causal",Retrospective conditional validation using realized macro paths.,du,naics2,72,0.2318892793284487,0.721803061550392,198,layer2,199,198,"95% percentile, positive state-weighted multiplier bootstrap; Firth re-estimated; fixed preprocessing/LGD/portfolio/scenarios",recorded charge-off within 36 months,Fixed 2006 observed macro reference with +1 pp conditional contrast; not an approval-time forecast or causal effect,Term-free primary specification
0.5026205762673055,9012,+1 percentage point du,2006 fixed portfolio observed macro paths,"conditional finite-change association, not causal",Retrospective conditional validation using realized macro paths.,du,naics2,81,0.2523571407548263,0.7150790942305111,198,layer2,199,198,"95% percentile, positive state-weighted multiplier bootstrap; Firth re-estimated; fixed preprocessing/LGD/portfolio/scenarios",recorded charge-off within 36 months,Fixed 2006 observed macro reference with +1 pp conditional contrast; not an approval-time forecast or causal effect,Term-free primary specification
0.4624920976371439,23,+1 percentage point du,2006 fixed portfolio observed macro paths,"conditional finite-change association, not causal",Retrospective conditional validation using realized macro paths.,du,naics2,92,0.222160814084349,0.7235877609391318,198,layer2,199,198,"95% percentile, positive state-weighted multiplier bootstrap; Firth re-estimated; fixed preprocessing/LGD/portfolio/scenarios",recorded charge-off within 36 months,Fixed 2006 observed macro reference with +1 pp conditional contrast; not an approval-time forecast or causal effect,Term-free primary specification
0.6428439712424081,11,+1 percentage point du,2006 fixed portfolio observed macro paths,"conditional finite-change association, not causal",Retrospective conditional validation using realized macro paths.,du,naics2,__missing__,0.3161843916808378,0.9355120321701664,198,layer2,199,198,"95% percentile, positive state-weighted multiplier bootstrap; Firth re-estimated; fixed preprocessing/LGD/portfolio/scenarios",recorded charge-off within 36 months,Fixed 2006 observed macro reference with +1 pp conditional contrast; not an approval-time forecast or causal effect,Term-free primary specification
0.539402411892404,60697,+1 percentage point du,2006 fixed portfolio observed macro paths,"conditional finite-change association, not causal",Retrospective conditional validation using realized macro paths.,du,age_group,existing,0.2671278758739577,0.7749428838209115,198,layer2,199,198,"95% percentile, positive state-weighted multiplier bootstrap; Firth re-estimated; fixed preprocessing/LGD/portfolio/scenarios",recorded charge-off within 36 months,Fixed 2006 observed macro reference with +1 pp conditional contrast; not an approval-time forecast or causal effect,Term-free primary specification
0.1085521187230853,13,+1 percentage point du,2006 fixed portfolio observed macro paths,"conditional finite-change association, not causal",Retrospective conditional validation using realized macro paths.,du,age_group,missing,0.0293433362670249,0.2682854582588219,198,layer2,199,198,"95% percentile, positive state-weighted multiplier bootstrap; Firth re-estimated; fixed preprocessing/LGD/portfolio/scenarios",recorded charge-off within 36 months,Fixed 2006 observed macro reference with +1 pp conditional contrast; not an approval-time forecast or causal effect,Term-free primary specification
0.5048331557222324,22668,+1 percentage point du,2006 fixed portfolio observed macro paths,"conditional finite-change association, not causal",Retrospective conditional validation using realized macro paths.,du,age_group,new,0.2512881571885691,0.7370551493280915,198,layer2,199,198,"95% percentile, positive state-weighted multiplier bootstrap; Firth re-estimated; fixed preprocessing/LGD/portfolio/scenarios",recorded charge-off within 36 months,Fixed 2006 observed macro reference with +1 pp conditional contrast; not an approval-time forecast or causal effect,Term-free primary specification
0.6082194654847755,5624,+1 percentage point du,2006 fixed portfolio observed macro paths,"conditional finite-change association, not causal",Retrospective conditional validation using realized macro paths.,du,age_group,unanswered,0.3075491159957372,0.8647164684269819,198,layer2,199,198,"95% percentile, positive state-weighted multiplier bootstrap; Firth re-estimated; fixed preprocessing/LGD/portfolio/scenarios",recorded charge-off within 36 months,Fixed 2006 observed macro reference with +1 pp conditional contrast; not an approval-time forecast or causal effect,Term-free primary specification
0.5533091425959155,84296,+1 percentage point du,2006 fixed portfolio observed macro paths,"conditional finite-change association, not causal",Retrospective conditional validation using realized macro paths.,du,maturity_group,<240_months,0.27524216510072,0.7970487075190532,198,layer2,199,198,"95% percentile, positive state-weighted multiplier bootstrap; Firth re-estimated; fixed preprocessing/LGD/portfolio/scenarios",recorded charge-off within 36 months,Fixed 2006 observed macro reference with +1 pp conditional contrast; not an approval-time forecast or causal effect,Term-free primary specification
0.2048355579491956,4706,+1 percentage point du,2006 fixed portfolio observed macro paths,"conditional finite-change association, not causal",Retrospective conditional validation using realized macro paths.,du,maturity_group,>=240_months,0.0939391198485027,0.3090029117866005,198,layer2,199,198,"95% percentile, positive state-weighted multiplier bootstrap; Firth re-estimated; fixed preprocessing/LGD/portfolio/scenarios",recorded charge-off within 36 months,Fixed 2006 observed macro reference with +1 pp conditional contrast; not an approval-time forecast or causal effect,Term-free primary specification
0.5726924629420157,89002,+1 percentage point du,2006 fixed portfolio observed macro paths,"conditional finite-change association, not causal",Retrospective conditional validation using realized macro paths.,du,overall,all,0.3342434097888423,0.7826594664270126,197,layer2_term,199,197,"95% percentile, positive state-weighted multiplier bootstrap; Firth re-estimated; fixed preprocessing/LGD/portfolio/scenarios",recorded charge-off within 36 months,Fixed 2006 observed macro reference with +1 pp conditional contrast; not an approval-time forecast or causal effect,With-Term sensitivity; reported-term timing unverified
0.6498804513834127,37202,+1 percentage point du,2006 fixed portfolio observed macro paths,"conditional finite-change association, not causal",Retrospective conditional validation using realized macro paths.,du,loan_type,revolving,0.3847556639667545,0.8903700924895125,197,layer2_term,199,197,"95% percentile, positive state-weighted multiplier bootstrap; Firth re-estimated; fixed preprocessing/LGD/portfolio/scenarios",recorded charge-off within 36 months,Fixed 2006 observed macro reference with +1 pp conditional contrast; not an approval-time forecast or causal effect,With-Term sensitivity; reported-term timing unverified
0.5172571821312678,51800,+1 percentage point du,2006 fixed portfolio observed macro paths,"conditional finite-change association, not causal",Retrospective conditional validation using realized macro paths.,du,loan_type,term,0.2953182691889944,0.7173520528996293,197,layer2_term,199,197,"95% percentile, positive state-weighted multiplier bootstrap; Firth re-estimated; fixed preprocessing/LGD/portfolio/scenarios",recorded charge-off within 36 months,Fixed 2006 observed macro reference with +1 pp conditional contrast; not an approval-time forecast or causal effect,With-Term sensitivity; reported-term timing unverified
0.3273436404425185,9230,+1 percentage point du,2006 fixed portfolio observed macro paths,"conditional finite-change association, not causal",Retrospective conditional validation using realized macro paths.,du,size_band,150k-350k,0.1865599480253482,0.4636822461728653,197,layer2_term,199,197,"95% percentile, positive state-weighted multiplier bootstrap; Firth re-estimated; fixed preprocessing/LGD/portfolio/scenarios",recorded charge-off within 36 months,Fixed 2006 observed macro reference with +1 pp conditional contrast; not an approval-time forecast or causal effect,With-Term sensitivity; reported-term timing unverified
0.1845927237751644,6808,+1 percentage point du,2006 fixed portfolio observed macro paths,"conditional finite-change association, not causal",Retrospective conditional validation using realized macro paths.,du,size_band,350k-1m,0.1011016652867125,0.2699719250970612,197,layer2_term,199,197,"95% percentile, positive state-weighted multiplier bootstrap; Firth re-estimated; fixed preprocessing/LGD/portfolio/scenarios",recorded charge-off within 36 months,Fixed 2006 observed macro reference with +1 pp conditional contrast; not an approval-time forecast or causal effect,With-Term sensitivity; reported-term timing unverified
0.657201025369338,70652,+1 percentage point du,2006 fixed portfolio observed macro paths,"conditional finite-change association, not causal",Retrospective conditional validation using realized macro paths.,du,size_band,<=150k,0.3848735429068731,0.8979431059247772,197,layer2_term,199,197,"95% percentile, positive state-weighted multiplier bootstrap; Firth re-estimated; fixed preprocessing/LGD/portfolio/scenarios",recorded charge-off within 36 months,Fixed 2006 observed macro reference with +1 pp conditional contrast; not an approval-time forecast or causal effect,With-Term sensitivity; reported-term timing unverified
0.1125080785575195,2312,+1 percentage point du,2006 fixed portfolio observed macro paths,"conditional finite-change association, not causal",Retrospective conditional validation using realized macro paths.,du,size_band,>1m,0.0619628022108689,0.1650190389821042,197,layer2_term,199,197,"95% percentile, positive state-weighted multiplier bootstrap; Firth re-estimated; fixed preprocessing/LGD/portfolio/scenarios",recorded charge-off within 36 months,Fixed 2006 observed macro reference with +1 pp conditional contrast; not an approval-time forecast or causal effect,With-Term sensitivity; reported-term timing unverified
0.1753336362361143,487,+1 percentage point du,2006 fixed portfolio observed macro paths,"conditional finite-change association, not causal",Retrospective conditional validation using realized macro paths.,du,naics2,11,0.0877659543398642,0.2593279987287941,197,layer2_term,199,197,"95% percentile, positive state-weighted multiplier bootstrap; Firth re-estimated; fixed preprocessing/LGD/portfolio/scenarios",recorded charge-off within 36 months,Fixed 2006 observed macro reference with +1 pp conditional contrast; not an approval-time forecast or causal effect,With-Term sensitivity; reported-term timing unverified
0.294351709667063,151,+1 percentage point du,2006 fixed portfolio observed macro paths,"conditional finite-change association, not causal",Retrospective conditional validation using realized macro paths.,du,naics2,21,0.1312501607512101,0.4528885376018102,197,layer2_term,199,197,"95% percentile, positive state-weighted multiplier bootstrap; Firth re-estimated; fixed preprocessing/LGD/portfolio/scenarios",recorded charge-off within 36 months,Fixed 2006 observed macro reference with +1 pp conditional contrast; not an approval-time forecast or causal effect,With-Term sensitivity; reported-term timing unverified
0.4801846778091939,65,+1 percentage point du,2006 fixed portfolio observed macro paths,"conditional finite-change association, not causal",Retrospective conditional validation using realized macro paths.,du,naics2,22,0.2494762913719265,0.6978914633657709,197,layer2_term,199,197,"95% percentile, positive state-weighted multiplier bootstrap; Firth re-estimated; fixed preprocessing/LGD/portfolio/scenarios",recorded charge-off within 36 months,Fixed 2006 observed macro reference with +1 pp conditional contrast; not an approval-time forecast or causal effect,With-Term sensitivity; reported-term timing unverified
0.5910218745164455,9903,+1 percentage point du,2006 fixed portfolio observed macro paths,"conditional finite-change association, not causal",Retrospective conditional validation using realized macro paths.,du,naics2,23,0.3453776019389444,0.8334753207741121,197,layer2_term,199,197,"95% percentile, positive state-weighted multiplier bootstrap; Firth re-estimated; fixed preprocessing/LGD/portfolio/scenarios",recorded charge-off within 36 months,Fixed 2006 observed macro reference with +1 pp conditional contrast; not an approval-time forecast or causal effect,With-Term sensitivity; reported-term timing unverified
0.5874165045111843,1335,+1 percentage point du,2006 fixed portfolio observed macro paths,"conditional finite-change association, not causal",Retrospective conditional validation using realized macro paths.,du,naics2,31,0.3496028404468601,0.7932782378194823,197,layer2_term,199,197,"95% percentile, positive state-weighted multiplier bootstrap; Firth re-estimated; fixed preprocessing/LGD/portfolio/scenarios",recorded charge-off within 36 months,Fixed 2006 observed macro reference with +1 pp conditional contrast; not an approval-time forecast or causal effect,With-Term sensitivity; reported-term timing unverified
0.4627286990732878,1777,+1 percentage point du,2006 fixed portfolio observed macro paths,"conditional finite-change association, not causal",Retrospective conditional validation using realized macro paths.,du,naics2,32,0.2549929012555934,0.6589156070160431,197,layer2_term,199,197,"95% percentile, positive state-weighted multiplier bootstrap; Firth re-estimated; fixed preprocessing/LGD/portfolio/scenarios",recorded charge-off within 36 months,Fixed 2006 observed macro reference with +1 pp conditional contrast; not an approval-time forecast or causal effect,With-Term sensitivity; reported-term timing unverified
0.4489713088568345,3428,+1 percentage point du,2006 fixed portfolio observed macro paths,"conditional finite-change association, not causal",Retrospective conditional validation using realized macro paths.,du,naics2,33,0.2562237010128977,0.6265298920655894,197,layer2_term,199,197,"95% percentile, positive state-weighted multiplier bootstrap; Firth re-estimated; fixed preprocessing/LGD/portfolio/scenarios",recorded charge-off within 36 months,Fixed 2006 observed macro reference with +1 pp conditional contrast; not an approval-time forecast or causal effect,With-Term sensitivity; reported-term timing unverified
0.7002845310380378,5131,+1 percentage point du,2006 fixed portfolio observed macro paths,"conditional finite-change association, not causal",Retrospective conditional validation using realized macro paths.,du,naics2,42,0.4272839398484359,0.9353693696731904,197,layer2_term,199,197,"95% percentile, positive state-weighted multiplier bootstrap; Firth re-estimated; fixed preprocessing/LGD/portfolio/scenarios",recorded charge-off within 36 months,Fixed 2006 observed macro reference with +1 pp conditional contrast; not an approval-time forecast or causal effect,With-Term sensitivity; reported-term timing unverified
0.6030548224302757,11181,+1 percentage point du,2006 fixed portfolio observed macro paths,"conditional finite-change association, not causal",Retrospective conditional validation using realized macro paths.,du,naics2,44,0.3570740376440648,0.8200431843071804,197,layer2_term,199,197,"95% percentile, positive state-weighted multiplier bootstrap; Firth re-estimated; fixed preprocessing/LGD/portfolio/scenarios",recorded charge-off within 36 months,Fixed 2006 observed macro reference with +1 pp conditional contrast; not an approval-time forecast or causal effect,With-Term sensitivity; reported-term timing unverified
0.6907390246116689,4704,+1 percentage point du,2006 fixed portfolio observed macro paths,"conditional finite-change association, not causal",Retrospective conditional validation using realized macro paths.,du,naics2,45,0.4023093768723341,0.9438424560170516,197,layer2_term,199,197,"95% percentile, positive state-weighted multiplier bootstrap; Firth re-estimated; fixed preprocessing/LGD/portfolio/scenarios",recorded charge-off within 36 months,Fixed 2006 observed macro reference with +1 pp conditional contrast; not an approval-time forecast or causal effect,With-Term sensitivity; reported-term timing unverified
0.7018076568045303,3647,+1 percentage point du,2006 fixed portfolio observed macro paths,"conditional finite-change association, not causal",Retrospective conditional validation using realized macro paths.,du,naics2,48,0.3968103169042548,0.9840066743832906,197,layer2_term,199,197,"95% percentile, positive state-weighted multiplier bootstrap; Firth re-estimated; fixed preprocessing/LGD/portfolio/scenarios",recorded charge-off within 36 months,Fixed 2006 observed macro reference with +1 pp conditional contrast; not an approval-time forecast or causal effect,With-Term sensitivity; reported-term timing unverified
0.620328116986771,323,+1 percentage point du,2006 fixed portfolio observed macro paths,"conditional finite-change association, not causal",Retrospective conditional validation using realized macro paths.,du,naics2,49,0.3400284768989233,0.8922454987672456,197,layer2_term,199,197,"95% percentile, positive state-weighted multiplier bootstrap; Firth re-estimated; fixed preprocessing/LGD/portfolio/scenarios",recorded charge-off within 36 months,Fixed 2006 observed macro reference with +1 pp conditional contrast; not an approval-time forecast or causal effect,With-Term sensitivity; reported-term timing unverified
0.7016806101772662,1561,+1 percentage point du,2006 fixed portfolio observed macro paths,"conditional finite-change association, not causal",Retrospective conditional validation using realized macro paths.,du,naics2,51,0.4072113273782042,0.9511044199012542,197,layer2_term,199,197,"95% percentile, positive state-weighted multiplier bootstrap; Firth re-estimated; fixed preprocessing/LGD/portfolio/scenarios",recorded charge-off within 36 months,Fixed 2006 observed macro reference with +1 pp conditional contrast; not an approval-time forecast or causal effect,With-Term sensitivity; reported-term timing unverified
0.6731097057111659,1558,+1 percentage point du,2006 fixed portfolio observed macro paths,"conditional finite-change association, not causal",Retrospective conditional validation using realized macro paths.,du,naics2,52,0.3758903126502461,0.9382483577088117,197,layer2_term,199,197,"95% percentile, positive state-weighted multiplier bootstrap; Firth re-estimated; fixed preprocessing/LGD/portfolio/scenarios",recorded charge-off within 36 months,Fixed 2006 observed macro reference with +1 pp conditional contrast; not an approval-time forecast or causal effect,With-Term sensitivity; reported-term timing unverified
0.7567295857281183,2301,+1 percentage point du,2006 fixed portfolio observed macro paths,"conditional finite-change association, not causal",Retrospective conditional validation using realized macro paths.,du,naics2,53,0.4361849630703794,1.0509730420621657,197,layer2_term,199,197,"95% percentile, positive state-weighted multiplier bootstrap; Firth re-estimated; fixed preprocessing/LGD/portfolio/scenarios",recorded charge-off within 36 months,Fixed 2006 observed macro reference with +1 pp conditional contrast; not an approval-time forecast or causal effect,With-Term sensitivity; reported-term timing unverified
0.5429696323456699,9044,+1 percentage point du,2006 fixed portfolio observed macro paths,"conditional finite-change association, not causal",Retrospective conditional validation using realized macro paths.,du,naics2,54,0.3194684842896853,0.7449997204449933,197,layer2_term,199,197,"95% percentile, positive state-weighted multiplier bootstrap; Firth re-estimated; fixed preprocessing/LGD/portfolio/scenarios",recorded charge-off within 36 months,Fixed 2006 observed macro reference with +1 pp conditional contrast; not an approval-time forecast or causal effect,With-Term sensitivity; reported-term timing unverified
0.4349954324404829,26,+1 percentage point du,2006 fixed portfolio observed macro paths,"conditional finite-change association, not causal",Retrospective conditional validation using realized macro paths.,du,naics2,55,0.2259633409452118,0.6278693819698964,197,layer2_term,199,197,"95% percentile, positive state-weighted multiplier bootstrap; Firth re-estimated; fixed preprocessing/LGD/portfolio/scenarios",recorded charge-off within 36 months,Fixed 2006 observed macro reference with +1 pp conditional contrast; not an approval-time forecast or causal effect,With-Term sensitivity; reported-term timing unverified
0.6149676424085062,5048,+1 percentage point du,2006 fixed portfolio observed macro paths,"conditional finite-change association, not causal",Retrospective conditional validation using realized macro paths.,du,naics2,56,0.3457638478579443,0.8569686933405866,197,layer2_term,199,197,"95% percentile, positive state-weighted multiplier bootstrap; Firth re-estimated; fixed preprocessing/LGD/portfolio/scenarios",recorded charge-off within 36 months,Fixed 2006 observed macro reference with +1 pp conditional contrast; not an approval-time forecast or causal effect,With-Term sensitivity; reported-term timing unverified
0.5748551326015411,1045,+1 percentage point du,2006 fixed portfolio observed macro paths,"conditional finite-change association, not causal",Retrospective conditional validation using realized macro paths.,du,naics2,61,0.3246820656453433,0.7866409340896817,197,layer2_term,199,197,"95% percentile, positive state-weighted multiplier bootstrap; Firth re-estimated; fixed preprocessing/LGD/portfolio/scenarios",recorded charge-off within 36 months,Fixed 2006 observed macro reference with +1 pp conditional contrast; not an approval-time forecast or causal effect,With-Term sensitivity; reported-term timing unverified
0.3153697941982188,5626,+1 percentage point du,2006 fixed portfolio observed macro paths,"conditional finite-change association, not causal",Retrospective conditional validation using realized macro paths.,du,naics2,62,0.1770114285855183,0.4318033001557671,197,layer2_term,199,197,"95% percentile, positive state-weighted multiplier bootstrap; Firth re-estimated; fixed preprocessing/LGD/portfolio/scenarios",recorded charge-off within 36 months,Fixed 2006 observed macro reference with +1 pp conditional contrast; not an approval-time forecast or causal effect,With-Term sensitivity; reported-term timing unverified
0.6384981189007002,1804,+1 percentage point du,2006 fixed portfolio observed macro paths,"conditional finite-change association, not causal",Retrospective conditional validation using realized macro paths.,du,naics2,71,0.3601521720566931,0.8916930963674334,197,layer2_term,199,197,"95% percentile, positive state-weighted multiplier bootstrap; Firth re-estimated; fixed preprocessing/LGD/portfolio/scenarios",recorded charge-off within 36 months,Fixed 2006 observed macro reference with +1 pp conditional contrast; not an approval-time forecast or causal effect,With-Term sensitivity; reported-term timing unverified
0.5182838186174804,9811,+1 percentage point du,2006 fixed portfolio observed macro paths,"conditional finite-change association, not causal",Retrospective conditional validation using realized macro paths.,du,naics2,72,0.2889409687598488,0.7325155277333144,197,layer2_term,199,197,"95% percentile, positive state-weighted multiplier bootstrap; Firth re-estimated; fixed preprocessing/LGD/portfolio/scenarios",recorded charge-off within 36 months,Fixed 2006 observed macro reference with +1 pp conditional contrast; not an approval-time forecast or causal effect,With-Term sensitivity; reported-term timing unverified
0.5464435622145746,9012,+1 percentage point du,2006 fixed portfolio observed macro paths,"conditional finite-change association, not causal",Retrospective conditional validation using realized macro paths.,du,naics2,81,0.3209557611934425,0.7498489367309032,197,layer2_term,199,197,"95% percentile, positive state-weighted multiplier bootstrap; Firth re-estimated; fixed preprocessing/LGD/portfolio/scenarios",recorded charge-off within 36 months,Fixed 2006 observed macro reference with +1 pp conditional contrast; not an approval-time forecast or causal effect,With-Term sensitivity; reported-term timing unverified
0.4723128285678508,23,+1 percentage point du,2006 fixed portfolio observed macro paths,"conditional finite-change association, not causal",Retrospective conditional validation using realized macro paths.,du,naics2,92,0.2394808851284519,0.6987149133793801,197,layer2_term,199,197,"95% percentile, positive state-weighted multiplier bootstrap; Firth re-estimated; fixed preprocessing/LGD/portfolio/scenarios",recorded charge-off within 36 months,Fixed 2006 observed macro reference with +1 pp conditional contrast; not an approval-time forecast or causal effect,With-Term sensitivity; reported-term timing unverified
0.6906532123933637,11,+1 percentage point du,2006 fixed portfolio observed macro paths,"conditional finite-change association, not causal",Retrospective conditional validation using realized macro paths.,du,naics2,__missing__,0.4030076724011169,0.948065233437862,197,layer2_term,199,197,"95% percentile, positive state-weighted multiplier bootstrap; Firth re-estimated; fixed preprocessing/LGD/portfolio/scenarios",recorded charge-off within 36 months,Fixed 2006 observed macro reference with +1 pp conditional contrast; not an approval-time forecast or causal effect,With-Term sensitivity; reported-term timing unverified
0.5795270621037679,60697,+1 percentage point du,2006 fixed portfolio observed macro paths,"conditional finite-change association, not causal",Retrospective conditional validation using realized macro paths.,du,age_group,existing,0.3406148423359887,0.7947637747297153,197,layer2_term,199,197,"95% percentile, positive state-weighted multiplier bootstrap; Firth re-estimated; fixed preprocessing/LGD/portfolio/scenarios",recorded charge-off within 36 months,Fixed 2006 observed macro reference with +1 pp conditional contrast; not an approval-time forecast or causal effect,With-Term sensitivity; reported-term timing unverified
0.1237492832278239,13,+1 percentage point du,2006 fixed portfolio observed macro paths,"conditional finite-change association, not causal",Retrospective conditional validation using realized macro paths.,du,age_group,missing,0.0359496020262729,0.3284677607795501,197,layer2_term,199,197,"95% percentile, positive state-weighted multiplier bootstrap; Firth re-estimated; fixed preprocessing/LGD/portfolio/scenarios",recorded charge-off within 36 months,Fixed 2006 observed macro reference with +1 pp conditional contrast; not an approval-time forecast or causal effect,With-Term sensitivity; reported-term timing unverified
0.5350539851449387,22668,+1 percentage point du,2006 fixed portfolio observed macro paths,"conditional finite-change association, not causal",Retrospective conditional validation using realized macro paths.,du,age_group,new,0.3065711040543533,0.7364914612476989,197,layer2_term,199,197,"95% percentile, positive state-weighted multiplier bootstrap; Firth re-estimated; fixed preprocessing/LGD/portfolio/scenarios",recorded charge-off within 36 months,Fixed 2006 observed macro reference with +1 pp conditional contrast; not an approval-time forecast or causal effect,With-Term sensitivity; reported-term timing unverified
0.651672834691579,5624,+1 percentage point du,2006 fixed portfolio observed macro paths,"conditional finite-change association, not causal",Retrospective conditional validation using realized macro paths.,du,age_group,unanswered,0.377605242066821,0.8864774935596508,197,layer2_term,199,197,"95% percentile, positive state-weighted multiplier bootstrap; Firth re-estimated; fixed preprocessing/LGD/portfolio/scenarios",recorded charge-off within 36 months,Fixed 2006 observed macro reference with +1 pp conditional contrast; not an approval-time forecast or causal effect,With-Term sensitivity; reported-term timing unverified
0.6026195840380879,84296,+1 percentage point du,2006 fixed portfolio observed macro paths,"conditional finite-change association, not causal",Retrospective conditional validation using realized macro paths.,du,maturity_group,<240_months,0.3518316373899638,0.8230868053935548,197,layer2_term,199,197,"95% percentile, positive state-weighted multiplier bootstrap; Firth re-estimated; fixed preprocessing/LGD/portfolio/scenarios",recorded charge-off within 36 months,Fixed 2006 observed macro reference with +1 pp conditional contrast; not an approval-time forecast or causal effect,With-Term sensitivity; reported-term timing unverified
0.0366243371632974,4706,+1 percentage point du,2006 fixed portfolio observed macro paths,"conditional finite-change association, not causal",Retrospective conditional validation using realized macro paths.,du,maturity_group,>=240_months,0.0186657490304753,0.0572278549705122,197,layer2_term,199,197,"95% percentile, positive state-weighted multiplier bootstrap; Firth re-estimated; fixed preprocessing/LGD/portfolio/scenarios",recorded charge-off within 36 months,Fixed 2006 observed macro reference with +1 pp conditional contrast; not an approval-time forecast or causal effect,With-Term sensitivity; reported-term timing unverified
0.6789516180445414,89002,+1 percentage point peak_du,2006 fixed portfolio observed macro paths,"conditional finite-change association, not causal",Retrospective conditional validation using realized macro paths.,peak_du,overall,all,0.4389385920842076,0.932832835987355,198,layer2_peak,199,198,"95% percentile, positive state-weighted multiplier bootstrap; Firth re-estimated; fixed preprocessing/LGD/portfolio/scenarios",recorded charge-off within 36 months,Fixed 2006 observed macro reference with +1 pp conditional contrast; not an approval-time forecast or causal effect,Term-free peak-unemployment sensitivity
0.7729516624751904,37202,+1 percentage point peak_du,2006 fixed portfolio observed macro paths,"conditional finite-change association, not causal",Retrospective conditional validation using realized macro paths.,peak_du,loan_type,revolving,0.5001993519470784,1.0600353347758318,198,layer2_peak,199,198,"95% percentile, positive state-weighted multiplier bootstrap; Firth re-estimated; fixed preprocessing/LGD/portfolio/scenarios",recorded charge-off within 36 months,Fixed 2006 observed macro reference with +1 pp conditional contrast; not an approval-time forecast or causal effect,Term-free peak-unemployment sensitivity
0.6114421652856715,51800,+1 percentage point peak_du,2006 fixed portfolio observed macro paths,"conditional finite-change association, not causal",Retrospective conditional validation using realized macro paths.,peak_du,loan_type,term,0.3861167419152183,0.8414824602423042,198,layer2_peak,199,198,"95% percentile, positive state-weighted multiplier bootstrap; Firth re-estimated; fixed preprocessing/LGD/portfolio/scenarios",recorded charge-off within 36 months,Fixed 2006 observed macro reference with +1 pp conditional contrast; not an approval-time forecast or causal effect,Term-free peak-unemployment sensitivity
0.3645591578345248,9230,+1 percentage point peak_du,2006 fixed portfolio observed macro paths,"conditional finite-change association, not causal",Retrospective conditional validation using realized macro paths.,peak_du,size_band,150k-350k,0.2381083342658516,0.502726293404547,198,layer2_peak,199,198,"95% percentile, positive state-weighted multiplier bootstrap; Firth re-estimated; fixed preprocessing/LGD/portfolio/scenarios",recorded charge-off within 36 months,Fixed 2006 observed macro reference with +1 pp conditional contrast; not an approval-time forecast or causal effect,Term-free peak-unemployment sensitivity
0.2483255270250968,6808,+1 percentage point peak_du,2006 fixed portfolio observed macro paths,"conditional finite-change association, not causal",Retrospective conditional validation using realized macro paths.,peak_du,size_band,350k-1m,0.1512676435654956,0.349180533548668,198,layer2_peak,199,198,"95% percentile, positive state-weighted multiplier bootstrap; Firth re-estimated; fixed preprocessing/LGD/portfolio/scenarios",recorded charge-off within 36 months,Fixed 2006 observed macro reference with +1 pp conditional contrast; not an approval-time forecast or causal effect,Term-free peak-unemployment sensitivity
0.7767686892195489,70652,+1 percentage point peak_du,2006 fixed portfolio observed macro paths,"conditional finite-change association, not causal",Retrospective conditional validation using realized macro paths.,peak_du,size_band,<=150k,0.4958617742926041,1.060798202596494,198,layer2_peak,199,198,"95% percentile, positive state-weighted multiplier bootstrap; Firth re-estimated; fixed preprocessing/LGD/portfolio/scenarios",recorded charge-off within 36 months,Fixed 2006 observed macro reference with +1 pp conditional contrast; not an approval-time forecast or causal effect,Term-free peak-unemployment sensitivity
0.2129365327252774,2312,+1 percentage point peak_du,2006 fixed portfolio observed macro paths,"conditional finite-change association, not causal",Retrospective conditional validation using realized macro paths.,peak_du,size_band,>1m,0.1312350119607219,0.3034269874555616,198,layer2_peak,199,198,"95% percentile, positive state-weighted multiplier bootstrap; Firth re-estimated; fixed preprocessing/LGD/portfolio/scenarios",recorded charge-off within 36 months,Fixed 2006 observed macro reference with +1 pp conditional contrast; not an approval-time forecast or causal effect,Term-free peak-unemployment sensitivity
0.1992360384558073,487,+1 percentage point peak_du,2006 fixed portfolio observed macro paths,"conditional finite-change association, not causal",Retrospective conditional validation using realized macro paths.,peak_du,naics2,11,0.1139756537550818,0.2932841443451068,198,layer2_peak,199,198,"95% percentile, positive state-weighted multiplier bootstrap; Firth re-estimated; fixed preprocessing/LGD/portfolio/scenarios",recorded charge-off within 36 months,Fixed 2006 observed macro reference with +1 pp conditional contrast; not an approval-time forecast or causal effect,Term-free peak-unemployment sensitivity
0.3544924565482026,151,+1 percentage point peak_du,2006 fixed portfolio observed macro paths,"conditional finite-change association, not causal",Retrospective conditional validation using realized macro paths.,peak_du,naics2,21,0.1932588385914522,0.5266905033568184,198,layer2_peak,199,198,"95% percentile, positive state-weighted multiplier bootstrap; Firth re-estimated; fixed preprocessing/LGD/portfolio/scenarios",recorded charge-off within 36 months,Fixed 2006 observed macro reference with +1 pp conditional contrast; not an approval-time forecast or causal effect,Term-free peak-unemployment sensitivity
0.5662578910582658,65,+1 percentage point peak_du,2006 fixed portfolio observed macro paths,"conditional finite-change association, not causal",Retrospective conditional validation using realized macro paths.,peak_du,naics2,22,0.3348377486139419,0.8327528586254679,198,layer2_peak,199,198,"95% percentile, positive state-weighted multiplier bootstrap; Firth re-estimated; fixed preprocessing/LGD/portfolio/scenarios",recorded charge-off within 36 months,Fixed 2006 observed macro reference with +1 pp conditional contrast; not an approval-time forecast or causal effect,Term-free peak-unemployment sensitivity
0.7028699246739224,9903,+1 percentage point peak_du,2006 fixed portfolio observed macro paths,"conditional finite-change association, not causal",Retrospective conditional validation using realized macro paths.,peak_du,naics2,23,0.4485213494825738,0.97492756878302,198,layer2_peak,199,198,"95% percentile, positive state-weighted multiplier bootstrap; Firth re-estimated; fixed preprocessing/LGD/portfolio/scenarios",recorded charge-off within 36 months,Fixed 2006 observed macro reference with +1 pp conditional contrast; not an approval-time forecast or causal effect,Term-free peak-unemployment sensitivity
0.6941596121747189,1335,+1 percentage point peak_du,2006 fixed portfolio observed macro paths,"conditional finite-change association, not causal",Retrospective conditional validation using realized macro paths.,peak_du,naics2,31,0.4319113406708157,0.9437754923520516,198,layer2_peak,199,198,"95% percentile, positive state-weighted multiplier bootstrap; Firth re-estimated; fixed preprocessing/LGD/portfolio/scenarios",recorded charge-off within 36 months,Fixed 2006 observed macro reference with +1 pp conditional contrast; not an approval-time forecast or causal effect,Term-free peak-unemployment sensitivity
0.5586076859919832,1777,+1 percentage point peak_du,2006 fixed portfolio observed macro paths,"conditional finite-change association, not causal",Retrospective conditional validation using realized macro paths.,peak_du,naics2,32,0.3462354256121685,0.771676365619122,198,layer2_peak,199,198,"95% percentile, positive state-weighted multiplier bootstrap; Firth re-estimated; fixed preprocessing/LGD/portfolio/scenarios",recorded charge-off within 36 months,Fixed 2006 observed macro reference with +1 pp conditional contrast; not an approval-time forecast or causal effect,Term-free peak-unemployment sensitivity
0.5386530758120585,3428,+1 percentage point peak_du,2006 fixed portfolio observed macro paths,"conditional finite-change association, not causal",Retrospective conditional validation using realized macro paths.,peak_du,naics2,33,0.3416111739591505,0.7336090311870798,198,layer2_peak,199,198,"95% percentile, positive state-weighted multiplier bootstrap; Firth re-estimated; fixed preprocessing/LGD/portfolio/scenarios",recorded charge-off within 36 months,Fixed 2006 observed macro reference with +1 pp conditional contrast; not an approval-time forecast or causal effect,Term-free peak-unemployment sensitivity
0.8403204796560443,5131,+1 percentage point peak_du,2006 fixed portfolio observed macro paths,"conditional finite-change association, not causal",Retrospective conditional validation using realized macro paths.,peak_du,naics2,42,0.521193813072578,1.1188888930491143,198,layer2_peak,199,198,"95% percentile, positive state-weighted multiplier bootstrap; Firth re-estimated; fixed preprocessing/LGD/portfolio/scenarios",recorded charge-off within 36 months,Fixed 2006 observed macro reference with +1 pp conditional contrast; not an approval-time forecast or causal effect,Term-free peak-unemployment sensitivity
0.7162244561963305,11181,+1 percentage point peak_du,2006 fixed portfolio observed macro paths,"conditional finite-change association, not causal",Retrospective conditional validation using realized macro paths.,peak_du,naics2,44,0.474994362451028,0.965375226594086,198,layer2_peak,199,198,"95% percentile, positive state-weighted multiplier bootstrap; Firth re-estimated; fixed preprocessing/LGD/portfolio/scenarios",recorded charge-off within 36 months,Fixed 2006 observed macro reference with +1 pp conditional contrast; not an approval-time forecast or causal effect,Term-free peak-unemployment sensitivity
0.8291794464304879,4704,+1 percentage point peak_du,2006 fixed portfolio observed macro paths,"conditional finite-change association, not causal",Retrospective conditional validation using realized macro paths.,peak_du,naics2,45,0.5251132277029089,1.1301955603908698,198,layer2_peak,199,198,"95% percentile, positive state-weighted multiplier bootstrap; Firth re-estimated; fixed preprocessing/LGD/portfolio/scenarios",recorded charge-off within 36 months,Fixed 2006 observed macro reference with +1 pp conditional contrast; not an approval-time forecast or causal effect,Term-free peak-unemployment sensitivity
0.8225713729937443,3647,+1 percentage point peak_du,2006 fixed portfolio observed macro paths,"conditional finite-change association, not causal",Retrospective conditional validation using realized macro paths.,peak_du,naics2,48,0.5140786177213332,1.1530398110389548,198,layer2_peak,199,198,"95% percentile, positive state-weighted multiplier bootstrap; Firth re-estimated; fixed preprocessing/LGD/portfolio/scenarios",recorded charge-off within 36 months,Fixed 2006 observed macro reference with +1 pp conditional contrast; not an approval-time forecast or causal effect,Term-free peak-unemployment sensitivity
0.7449242629654917,323,+1 percentage point peak_du,2006 fixed portfolio observed macro paths,"conditional finite-change association, not causal",Retrospective conditional validation using realized macro paths.,peak_du,naics2,49,0.4684312893518333,1.0464580721057817,198,layer2_peak,199,198,"95% percentile, positive state-weighted multiplier bootstrap; Firth re-estimated; fixed preprocessing/LGD/portfolio/scenarios",recorded charge-off within 36 months,Fixed 2006 observed macro reference with +1 pp conditional contrast; not an approval-time forecast or causal effect,Term-free peak-unemployment sensitivity
0.8330093714201886,1561,+1 percentage point peak_du,2006 fixed portfolio observed macro paths,"conditional finite-change association, not causal",Retrospective conditional validation using realized macro paths.,peak_du,naics2,51,0.5273596617216625,1.1272644768643691,198,layer2_peak,199,198,"95% percentile, positive state-weighted multiplier bootstrap; Firth re-estimated; fixed preprocessing/LGD/portfolio/scenarios",recorded charge-off within 36 months,Fixed 2006 observed macro reference with +1 pp conditional contrast; not an approval-time forecast or causal effect,Term-free peak-unemployment sensitivity
0.7856949041661856,1558,+1 percentage point peak_du,2006 fixed portfolio observed macro paths,"conditional finite-change association, not causal",Retrospective conditional validation using realized macro paths.,peak_du,naics2,52,0.5009388626517431,1.0467185952621505,198,layer2_peak,199,198,"95% percentile, positive state-weighted multiplier bootstrap; Firth re-estimated; fixed preprocessing/LGD/portfolio/scenarios",recorded charge-off within 36 months,Fixed 2006 observed macro reference with +1 pp conditional contrast; not an approval-time forecast or causal effect,Term-free peak-unemployment sensitivity
0.8873371006993707,2301,+1 percentage point peak_du,2006 fixed portfolio observed macro paths,"conditional finite-change association, not causal",Retrospective conditional validation using realized macro paths.,peak_du,naics2,53,0.5589328408132124,1.2109848929650882,198,layer2_peak,199,198,"95% percentile, positive state-weighted multiplier bootstrap; Firth re-estimated; fixed preprocessing/LGD/portfolio/scenarios",recorded charge-off within 36 months,Fixed 2006 observed macro reference with +1 pp conditional contrast; not an approval-time forecast or causal effect,Term-free peak-unemployment sensitivity
0.6490909987233766,9044,+1 percentage point peak_du,2006 fixed portfolio observed macro paths,"conditional finite-change association, not causal",Retrospective conditional validation using realized macro paths.,peak_du,naics2,54,0.4244838995443715,0.8893471901572707,198,layer2_peak,199,198,"95% percentile, positive state-weighted multiplier bootstrap; Firth re-estimated; fixed preprocessing/LGD/portfolio/scenarios",recorded charge-off within 36 months,Fixed 2006 observed macro reference with +1 pp conditional contrast; not an approval-time forecast or causal effect,Term-free peak-unemployment sensitivity
0.5322944997755414,26,+1 percentage point peak_du,2006 fixed portfolio observed macro paths,"conditional finite-change association, not causal",Retrospective conditional validation using realized macro paths.,peak_du,naics2,55,0.3113266063923549,0.7769554917744927,198,layer2_peak,199,198,"95% percentile, positive state-weighted multiplier bootstrap; Firth re-estimated; fixed preprocessing/LGD/portfolio/scenarios",recorded charge-off within 36 months,Fixed 2006 observed macro reference with +1 pp conditional contrast; not an approval-time forecast or causal effect,Term-free peak-unemployment sensitivity
0.7329997546240063,5048,+1 percentage point peak_du,2006 fixed portfolio observed macro paths,"conditional finite-change association, not causal",Retrospective conditional validation using realized macro paths.,peak_du,naics2,56,0.4517137568564434,1.0104386650352215,198,layer2_peak,199,198,"95% percentile, positive state-weighted multiplier bootstrap; Firth re-estimated; fixed preprocessing/LGD/portfolio/scenarios",recorded charge-off within 36 months,Fixed 2006 observed macro reference with +1 pp conditional contrast; not an approval-time forecast or causal effect,Term-free peak-unemployment sensitivity
0.6877679148096166,1045,+1 percentage point peak_du,2006 fixed portfolio observed macro paths,"conditional finite-change association, not causal",Retrospective conditional validation using realized macro paths.,peak_du,naics2,61,0.444742989278993,0.918489835339352,198,layer2_peak,199,198,"95% percentile, positive state-weighted multiplier bootstrap; Firth re-estimated; fixed preprocessing/LGD/portfolio/scenarios",recorded charge-off within 36 months,Fixed 2006 observed macro reference with +1 pp conditional contrast; not an approval-time forecast or causal effect,Term-free peak-unemployment sensitivity
0.3688256177289811,5626,+1 percentage point peak_du,2006 fixed portfolio observed macro paths,"conditional finite-change association, not causal",Retrospective conditional validation using realized macro paths.,peak_du,naics2,62,0.2306864204697856,0.5009026983566961,198,layer2_peak,199,198,"95% percentile, positive state-weighted multiplier bootstrap; Firth re-estimated; fixed preprocessing/LGD/portfolio/scenarios",recorded charge-off within 36 months,Fixed 2006 observed macro reference with +1 pp conditional contrast; not an approval-time forecast or causal effect,Term-free peak-unemployment sensitivity
0.752256253770194,1804,+1 percentage point peak_du,2006 fixed portfolio observed macro paths,"conditional finite-change association, not causal",Retrospective conditional validation using realized macro paths.,peak_du,naics2,71,0.4712150453923129,1.039125667255833,198,layer2_peak,199,198,"95% percentile, positive state-weighted multiplier bootstrap; Firth re-estimated; fixed preprocessing/LGD/portfolio/scenarios",recorded charge-off within 36 months,Fixed 2006 observed macro reference with +1 pp conditional contrast; not an approval-time forecast or causal effect,Term-free peak-unemployment sensitivity
0.6094762570258001,9811,+1 percentage point peak_du,2006 fixed portfolio observed macro paths,"conditional finite-change association, not causal",Retrospective conditional validation using realized macro paths.,peak_du,naics2,72,0.3876131886450698,0.8353074773417428,198,layer2_peak,199,198,"95% percentile, positive state-weighted multiplier bootstrap; Firth re-estimated; fixed preprocessing/LGD/portfolio/scenarios",recorded charge-off within 36 months,Fixed 2006 observed macro reference with +1 pp conditional contrast; not an approval-time forecast or causal effect,Term-free peak-unemployment sensitivity
0.6380353884327765,9012,+1 percentage point peak_du,2006 fixed portfolio observed macro paths,"conditional finite-change association, not causal",Retrospective conditional validation using realized macro paths.,peak_du,naics2,81,0.4106219844578862,0.8562945713670411,198,layer2_peak,199,198,"95% percentile, positive state-weighted multiplier bootstrap; Firth re-estimated; fixed preprocessing/LGD/portfolio/scenarios",recorded charge-off within 36 months,Fixed 2006 observed macro reference with +1 pp conditional contrast; not an approval-time forecast or causal effect,Term-free peak-unemployment sensitivity
0.5874410075320988,23,+1 percentage point peak_du,2006 fixed portfolio observed macro paths,"conditional finite-change association, not causal",Retrospective conditional validation using realized macro paths.,peak_du,naics2,92,0.3405467730496884,0.8465660182541251,198,layer2_peak,199,198,"95% percentile, positive state-weighted multiplier bootstrap; Firth re-estimated; fixed preprocessing/LGD/portfolio/scenarios",recorded charge-off within 36 months,Fixed 2006 observed macro reference with +1 pp conditional contrast; not an approval-time forecast or causal effect,Term-free peak-unemployment sensitivity
0.8250128922621507,11,+1 percentage point peak_du,2006 fixed portfolio observed macro paths,"conditional finite-change association, not causal",Retrospective conditional validation using realized macro paths.,peak_du,naics2,__missing__,0.5393606735690972,1.1570509734053416,198,layer2_peak,199,198,"95% percentile, positive state-weighted multiplier bootstrap; Firth re-estimated; fixed preprocessing/LGD/portfolio/scenarios",recorded charge-off within 36 months,Fixed 2006 observed macro reference with +1 pp conditional contrast; not an approval-time forecast or causal effect,Term-free peak-unemployment sensitivity
0.684971172553049,60697,+1 percentage point peak_du,2006 fixed portfolio observed macro paths,"conditional finite-change association, not causal",Retrospective conditional validation using realized macro paths.,peak_du,age_group,existing,0.4406235995756036,0.9394366410368836,198,layer2_peak,199,198,"95% percentile, positive state-weighted multiplier bootstrap; Firth re-estimated; fixed preprocessing/LGD/portfolio/scenarios",recorded charge-off within 36 months,Fixed 2006 observed macro reference with +1 pp conditional contrast; not an approval-time forecast or causal effect,Term-free peak-unemployment sensitivity
0.1370984979683085,13,+1 percentage point peak_du,2006 fixed portfolio observed macro paths,"conditional finite-change association, not causal",Retrospective conditional validation using realized macro paths.,peak_du,age_group,missing,0.0406247728287411,0.3422450542540464,198,layer2_peak,199,198,"95% percentile, positive state-weighted multiplier bootstrap; Firth re-estimated; fixed preprocessing/LGD/portfolio/scenarios",recorded charge-off within 36 months,Fixed 2006 observed macro reference with +1 pp conditional contrast; not an approval-time forecast or causal effect,Term-free peak-unemployment sensitivity
0.6401027058565036,22668,+1 percentage point peak_du,2006 fixed portfolio observed macro paths,"conditional finite-change association, not causal",Retrospective conditional validation using realized macro paths.,peak_du,age_group,new,0.4055303742197184,0.8808110486441414,198,layer2_peak,199,198,"95% percentile, positive state-weighted multiplier bootstrap; Firth re-estimated; fixed preprocessing/LGD/portfolio/scenarios",recorded charge-off within 36 months,Fixed 2006 observed macro reference with +1 pp conditional contrast; not an approval-time forecast or causal effect,Term-free peak-unemployment sensitivity
0.7718218762302277,5624,+1 percentage point peak_du,2006 fixed portfolio observed macro paths,"conditional finite-change association, not causal",Retrospective conditional validation using realized macro paths.,peak_du,age_group,unanswered,0.4886546029741171,1.0366563366545838,198,layer2_peak,199,198,"95% percentile, positive state-weighted multiplier bootstrap; Firth re-estimated; fixed preprocessing/LGD/portfolio/scenarios",recorded charge-off within 36 months,Fixed 2006 observed macro reference with +1 pp conditional contrast; not an approval-time forecast or causal effect,Term-free peak-unemployment sensitivity
0.702253724087307,84296,+1 percentage point peak_du,2006 fixed portfolio observed macro paths,"conditional finite-change association, not causal",Retrospective conditional validation using realized macro paths.,peak_du,maturity_group,<240_months,0.4525710301706807,0.9634880273965116,198,layer2_peak,199,198,"95% percentile, positive state-weighted multiplier bootstrap; Firth re-estimated; fixed preprocessing/LGD/portfolio/scenarios",recorded charge-off within 36 months,Fixed 2006 observed macro reference with +1 pp conditional contrast; not an approval-time forecast or causal effect,Term-free peak-unemployment sensitivity
0.2615537576576012,4706,+1 percentage point peak_du,2006 fixed portfolio observed macro paths,"conditional finite-change association, not causal",Retrospective conditional validation using realized macro paths.,peak_du,maturity_group,>=240_months,0.1675902052562739,0.3670923409525918,198,layer2_peak,199,198,"95% percentile, positive state-weighted multiplier bootstrap; Firth re-estimated; fixed preprocessing/LGD/portfolio/scenarios",recorded charge-off within 36 months,Fixed 2006 observed macro reference with +1 pp conditional contrast; not an approval-time forecast or causal effect,Term-free peak-unemployment sensitivity
