variant,family,converged,message,iterations,score_max,coefficient_change,likelihood_change,penalized_loglikelihood,information_condition,n,columns,seconds,weight_sum,min_weight,max_weight,peak_rss_GiB,separation_flag,optimizer_success,normalized_gradient,hessian_condition,k,clusters,binary_separation_witness_columns,valid_estimate,specification_role,layer_interpretation
layer1,Firth primary,True,all three numerical criteria satisfied,8,1.8514047896980685e-08,4.336917911018645e-06,6.548361852765083e-11,-56284.22429024506,99355.35700542972,405443,93.0,2.384874250041321,405443.0,1.0,1.0,2.3847198486328125,,,,,,,,,Term-free primary specification,Approval-descriptor prediction
layer1,unpenalized same-design comparator,False,CONVERGENCE: RELATIVE REDUCTION OF F <= FACTR*EPSMCH,442,,,,,,405443,,5.990784625057131,,,,,True,True,1.0942876643420226e-06,122432317.63711898,93.0,51.0,[40],False,Term-free primary specification,Approval-descriptor prediction
layer1_term,Firth with-Term sensitivity,True,all three numerical criteria satisfied,8,2.316445027720831e-07,5.065606615284324e-06,2.037268131971359e-10,-54111.85157386243,113037.54681807272,405443,94.0,2.368213833891786,405443.0,1.0,1.0,2.5084686279296875,,,,,,,,,With-Term sensitivity; reported-term timing unverified,Approval-descriptor prediction
layer1_term,unpenalized same-design comparator,False,CONVERGENCE: RELATIVE REDUCTION OF F <= FACTR*EPSMCH,388,,,,,,405443,,5.600202333997004,,,,,True,True,3.911448487152776e-08,256873819.11722928,94.0,51.0,[41],False,With-Term sensitivity; reported-term timing unverified,Approval-descriptor prediction
layer2,Firth primary,True,all three numerical criteria satisfied,8,1.2909159039485904e-08,2.43170288793948e-07,5.820766091346741e-11,-182534.66078413965,326130.61795192905,888703,107.0,9.22603220900055,888703.0,1.0,1.0,2.577392578125,,,,,,,,,Term-free primary specification,Retrospective conditional validation using realized macro paths.
layer2,unpenalized same-design comparator,False,STOP: TOTAL NO. OF ITERATIONS REACHED LIMIT,500,,,,,,888703,,17.65388245799113,,,,,False,False,7.807324271959407e-07,328328.516691234,107.0,51.0,[],False,Term-free primary specification,Retrospective conditional validation using realized macro paths.
layer2_term,Firth with-Term sensitivity,True,all three numerical criteria satisfied,8,7.751826244639199e-08,1.3873870352565376e-06,1.4551915228366852e-10,-177223.26740710734,333743.50845427264,888703,108.0,10.13849108305294,888703.0,1.0,1.0,2.7701263427734375,,,,,,,,,With-Term sensitivity; reported-term timing unverified,Retrospective conditional validation using realized macro paths.
layer2_term,unpenalized same-design comparator,False,STOP: TOTAL NO. OF ITERATIONS REACHED LIMIT,500,,,,,,888703,,18.23029666696675,,,,,False,False,1.3335714120277112e-06,342689.7979369777,108.0,51.0,[],False,With-Term sensitivity; reported-term timing unverified,Retrospective conditional validation using realized macro paths.
layer2_peak,Firth primary,True,all three numerical criteria satisfied,8,1.4603761089727768e-08,2.584767855307035e-07,6.111804395914078e-10,-182489.42030047133,332481.98790258775,888703,107.0,9.294482000055725,888703.0,1.0,1.0,2.846343994140625,,,,,,,,,Term-free peak-unemployment sensitivity,Retrospective conditional validation using realized macro paths.
layer2_peak,unpenalized same-design comparator,False,STOP: TOTAL NO. OF ITERATIONS REACHED LIMIT,500,,,,,,888703,,17.702734583988786,,,,,False,False,2.0427375819426226e-07,331982.1654038593,107.0,51.0,[],False,Term-free peak-unemployment sensitivity,Retrospective conditional validation using realized macro paths.
