feature,original_level,pooled_level,training_n,frequency,threshold,state_exempt
ProcessingMethod,7a General,7a General,103716,0.25580907797150276,0.001,False
ProcessingMethod,Low Documentation Program,Low Documentation Program,102812,0.2535794180686311,0.001,False
ProcessingMethod,Preferred Lenders Program,Preferred Lenders Program,98296,0.24244098430605535,0.001,False
ProcessingMethod,SBA Express Program,SBA Express Program,49883,0.12303332404308374,0.001,False
ProcessingMethod,Certified Lenders Program,Certified Lenders Program,44960,0.11089105003662661,0.001,False
ProcessingMethod,7a with EWCP,7a with EWCP,1897,0.004678832782906599,0.001,False
ProcessingMethod,Community Express,Community Express,1311,0.003233500146753058,0.001,False
ProcessingMethod,International Trade Loans,International Trade Loans,948,0.002338183172480472,0.001,False
ProcessingMethod,Small Asset Base Line of Credit (CAPLine),Small Asset Base Line of Credit (CAPLine),597,0.0014724634535557403,0.001,False
ProcessingMethod,Builders CAPLine,Other,271,0.0006684046832723712,0.001,False
ProcessingMethod,Contract CAPLine,Other,239,0.000589478669011427,0.001,False
ProcessingMethod,Export Express,Other,175,0.0004316266404895386,0.001,False
ProcessingMethod,Seasonal CAPLine,Other,145,0.00035763350211990343,0.001,False
ProcessingMethod,Preferred Lenders with EWCP,Other,104,0.00025650954634806865,0.001,False
ProcessingMethod,Certified Lenders Program with EWCP,Other,72,0.00017758353208712445,0.001,False
ProcessingMethod,Working Capital CAPLine,Other,16,3.94630071304721e-05,0.001,False
ProcessingMethod,Domestic Revolving Line of Credit,Other,1,2.4664379456545063e-06,0.001,False
FixedorVariableInterestInd,__missing__,__missing__,405443,1.0,0.001,False
naics2,__missing__,__missing__,172195,0.4247082820519777,0.001,False
naics2,44,44,29487,0.07272785570351442,0.001,False
naics2,81,81,28562,0.07044640060378402,0.001,False
naics2,62,62,22521,0.055546648974085136,0.001,False
naics2,23,23,19975,0.04926709796444877,0.001,False
naics2,54,54,19044,0.046970844237044417,0.001,False
naics2,45,45,18610,0.04590041016863036,0.001,False
naics2,72,72,18226,0.04495329799749903,0.001,False
naics2,42,42,18009,0.04441808096329201,0.001,False
naics2,33,33,15205,0.03750218896367677,0.001,False
naics2,56,56,7807,0.01925548104172473,0.001,False
naics2,32,32,6711,0.016552265053287392,0.001,False
naics2,11,11,5271,0.013000594411544903,0.001,False
naics2,71,71,5196,0.012815611565620815,0.001,False
naics2,31,31,4226,0.010423166758335944,0.001,False
naics2,48,48,3525,0.008694193758432134,0.001,False
naics2,51,51,3299,0.008136778782714217,0.001,False
naics2,53,53,3047,0.007515236420409281,0.001,False
naics2,52,52,1573,0.0038797068885145385,0.001,False
naics2,61,61,1051,0.002592226280882886,0.001,False
naics2,21,21,866,0.0021359352609368024,0.001,False
naics2,49,49,465,0.0011468936447293454,0.001,False
naics2,22,Other,285,0.0007029348145115343,0.001,False
naics2,55,Other,146,0.0003600999400655579,0.001,False
naics2,92,Other,141,0.0003477677503372854,0.001,False
BusinessType,CORPORATION,CORPORATION,251646,0.6206692432721739,0.001,False
BusinessType,INDIVIDUAL,INDIVIDUAL,127098,0.31347933001679645,0.001,False
BusinessType,PARTNERSHIP,PARTNERSHIP,23025,0.05678973369869501,0.001,False
BusinessType,__missing__,__missing__,3674,0.009061693012334657,0.001,False
BusinessAge,Less than 4 years old but at least 3,Less than 4 years old but at least 3,287216,0.7084004409991047,0.001,False
BusinessAge,"New, Less than 1 Year old","New, Less than 1 Year old",117501,0.2898089250523501,0.001,False
BusinessAge,"Existing, 5 or more years","Existing, 5 or more years",683,0.0016845771168820277,0.001,False
BusinessAge,"Startup, Loan Funds will Open Business",Other,27,6.659382453267168e-05,0.001,False
BusinessAge,__missing__,Other,11,2.713081740219957e-05,0.001,False
BusinessAge,Less than 3 years old but at least 2,Other,2,4.9328758913090126e-06,0.001,False
BusinessAge,Existing or more than 2 years old,Other,1,2.4664379456545063e-06,0.001,False
BusinessAge,Less than 5 years old but at least 4,Other,1,2.4664379456545063e-06,0.001,False
BusinessAge,Unanswered,Other,1,2.4664379456545063e-06,0.001,False
franchise,missing,missing,378267,0.9329720823888932,0.001,False
franchise,present,present,27176,0.06702791761110687,0.001,False
loan_type,term,term,393806,0.9712980616264185,0.001,False
loan_type,revolving,revolving,11637,0.02870193837358149,0.001,False
ProjectState,CA,CA,60207,0.14849682939402087,0.001,True
ProjectState,TX,TX,37751,0.09311049888640327,0.001,True
ProjectState,NY,NY,24784,0.061128198045101285,0.001,True
ProjectState,FL,FL,15261,0.03764030948863342,0.001,True
ProjectState,PA,PA,14971,0.036925042484393614,0.001,True
ProjectState,OH,OH,12149,0.029964754601756596,0.001,True
ProjectState,IL,IL,11714,0.028891854095396886,0.001,True
ProjectState,NJ,NJ,11481,0.028317174054059386,0.001,True
ProjectState,MA,MA,10840,0.026736187330894848,0.001,True
ProjectState,MN,MN,10690,0.026366221639046672,0.001,True
ProjectState,WA,WA,10688,0.026361288763155362,0.001,True
ProjectState,GA,GA,9836,0.024259883633457723,0.001,True
ProjectState,MO,MO,9807,0.02418835693303374,0.001,True
ProjectState,CO,CO,9512,0.023460757739065665,0.001,True
ProjectState,WI,WI,9276,0.0228786783838912,0.001,True
ProjectState,AZ,AZ,7446,0.018365096943343453,0.001,True
ProjectState,MI,MI,6965,0.017178740291483637,0.001,True
ProjectState,CT,CT,6635,0.01636481576941765,0.001,True
ProjectState,IA,IA,6587,0.016246426748026233,0.001,True
ProjectState,KS,KS,6226,0.015356042649644956,0.001,True
ProjectState,MD,MD,5565,0.013725727167567328,0.001,True
ProjectState,NC,NC,5390,0.013294100527077789,0.001,True
ProjectState,MT,MT,5385,0.013281768337349516,0.001,True
ProjectState,NH,NH,5379,0.013266969709675589,0.001,True
ProjectState,VA,VA,5305,0.013084453301697156,0.001,True
ProjectState,OK,OK,5292,0.013052389608403648,0.001,True
ProjectState,UT,UT,5071,0.012507306822414,0.001,True
ProjectState,LA,LA,4928,0.012154606196185407,0.001,True
ProjectState,RI,RI,4785,0.011801905569956812,0.001,True
ProjectState,OR,OR,4733,0.011673650796782778,0.001,True
ProjectState,IN,IN,4535,0.011185296083543185,0.001,True
ProjectState,TN,TN,4384,0.010812863953749356,0.001,True
ProjectState,AL,AL,4279,0.010553887969455632,0.001,True
ProjectState,MS,MS,4197,0.010351640057911962,0.001,True
ProjectState,AR,AR,4079,0.010060600380324731,0.001,True
ProjectState,ID,ID,4016,0.009905214789748496,0.001,True
ProjectState,NM,NM,3484,0.0085930698026603,0.001,True
ProjectState,KY,KY,3284,0.008099782213529399,0.001,True
ProjectState,NE,NE,3126,0.007710085018115986,0.001,True
ProjectState,ME,ME,3082,0.007601561748507188,0.001,True
ProjectState,VT,VT,3081,0.007599095310561534,0.001,True
ProjectState,NV,NV,2941,0.007253793998169903,0.001,True
ProjectState,ND,ND,2851,0.007031814583060998,0.001,True
ProjectState,SD,SD,2603,0.00642013797253868,0.001,True
ProjectState,SC,SC,2499,0.0061636284261906114,0.001,True
ProjectState,WV,WV,2119,0.0052263820068418985,0.001,True
ProjectState,WY,WY,1804,0.004449454053960729,0.001,True
ProjectState,AK,AK,1526,0.0037637843050687767,0.001,True
ProjectState,HI,HI,1349,0.003327224788687929,0.001,True
ProjectState,DE,DE,985,0.002429441376469689,0.001,True
ProjectState,DC,DC,560,0.0013812052495665236,0.001,True
