comparison,model,cohort,metric,difference,lower,upper,draws,undefined_draws,interval,layer_interpretation
layer1_term minus layer1,firth_raw,crisis_2007_2009,auc,0.029855951036139805,0.024181394200208595,0.03417603930288147,999,0,"paired state-cluster, conditional on frozen fitted models; not Firth training-refit interval",Approval-descriptor prediction
layer1_term minus layer1,firth_raw,crisis_2007_2009,average_precision,0.017575937590456697,0.011607679864101291,0.02070694436889058,999,0,"paired state-cluster, conditional on frozen fitted models; not Firth training-refit interval",Approval-descriptor prediction
layer1_term minus layer1,firth_raw,crisis_2007_2009,brier,9.797366814820463e-06,-0.0005266557888947358,0.0005270660903897784,999,0,"paired state-cluster, conditional on frozen fitted models; not Firth training-refit interval",Approval-descriptor prediction
layer1_term minus layer1,firth_raw,crisis_2007_2009,calibration_intercept,0.4349966272089708,0.3746338763417745,0.47578756142520273,999,0,"paired state-cluster, conditional on frozen fitted models; not Firth training-refit interval",Approval-descriptor prediction
layer1_term minus layer1,firth_raw,crisis_2007_2009,calibration_slope,0.0986266730853077,0.08069455716832481,0.11090580606868548,999,0,"paired state-cluster, conditional on frozen fitted models; not Firth training-refit interval",Approval-descriptor prediction
layer1_term minus layer1,firth_raw,additional_cohort_2011_2013,auc,0.042727698181405316,0.03524171772034302,0.05111636001141774,999,0,"paired state-cluster, conditional on frozen fitted models; not Firth training-refit interval",Approval-descriptor prediction
layer1_term minus layer1,firth_raw,additional_cohort_2011_2013,average_precision,0.004775261845312843,0.0029757537529123876,0.007336721084529454,999,0,"paired state-cluster, conditional on frozen fitted models; not Firth training-refit interval",Approval-descriptor prediction
layer1_term minus layer1,firth_raw,additional_cohort_2011_2013,brier,-0.002734047720685258,-0.0034754344458974617,-0.0021173680419559805,999,0,"paired state-cluster, conditional on frozen fitted models; not Firth training-refit interval",Approval-descriptor prediction
layer1_term minus layer1,firth_raw,additional_cohort_2011_2013,calibration_intercept,0.6251184835040271,0.55490312017009,0.7014053569860287,999,0,"paired state-cluster, conditional on frozen fitted models; not Firth training-refit interval",Approval-descriptor prediction
layer1_term minus layer1,firth_raw,additional_cohort_2011_2013,calibration_slope,0.11368145687831377,0.09085067816954,0.13704003761702338,999,0,"paired state-cluster, conditional on frozen fitted models; not Firth training-refit interval",Approval-descriptor prediction
layer1_term minus layer1,lightgbm_raw,crisis_2007_2009,auc,0.28327563484248675,0.26706598326452474,0.2955908399783665,999,0,"paired state-cluster, conditional on frozen fitted models; not Firth training-refit interval",Approval-descriptor prediction
layer1_term minus layer1,lightgbm_raw,crisis_2007_2009,average_precision,0.35808482741661957,0.2752664619829787,0.41053590499295095,999,0,"paired state-cluster, conditional on frozen fitted models; not Firth training-refit interval",Approval-descriptor prediction
layer1_term minus layer1,lightgbm_raw,crisis_2007_2009,brier,-0.027847084966268518,-0.0397470563496612,-0.017223757813673645,999,0,"paired state-cluster, conditional on frozen fitted models; not Firth training-refit interval",Approval-descriptor prediction
layer1_term minus layer1,lightgbm_raw,crisis_2007_2009,calibration_intercept,1.4117157430327054,1.2157170795353964,1.5447960837486485,999,0,"paired state-cluster, conditional on frozen fitted models; not Firth training-refit interval",Approval-descriptor prediction
layer1_term minus layer1,lightgbm_raw,crisis_2007_2009,calibration_slope,0.4163315317629747,0.36151159510821906,0.4507925412877677,999,0,"paired state-cluster, conditional on frozen fitted models; not Firth training-refit interval",Approval-descriptor prediction
layer1_term minus layer1,lightgbm_raw,additional_cohort_2011_2013,auc,0.2492409676004812,0.22903561225330374,0.27059621262775463,999,0,"paired state-cluster, conditional on frozen fitted models; not Firth training-refit interval",Approval-descriptor prediction
layer1_term minus layer1,lightgbm_raw,additional_cohort_2011_2013,average_precision,0.21788365064651882,0.15119506589923537,0.2920093205221909,999,0,"paired state-cluster, conditional on frozen fitted models; not Firth training-refit interval",Approval-descriptor prediction
layer1_term minus layer1,lightgbm_raw,additional_cohort_2011_2013,brier,-0.004653392356401437,-0.005539453339067173,-0.0036161877006865187,999,0,"paired state-cluster, conditional on frozen fitted models; not Firth training-refit interval",Approval-descriptor prediction
layer1_term minus layer1,lightgbm_raw,additional_cohort_2011_2013,calibration_intercept,1.8735934329492765,1.6986141767899932,2.068715223963955,999,0,"paired state-cluster, conditional on frozen fitted models; not Firth training-refit interval",Approval-descriptor prediction
layer1_term minus layer1,lightgbm_raw,additional_cohort_2011_2013,calibration_slope,0.3712351319160291,0.31846355881216504,0.42688676448065127,999,0,"paired state-cluster, conditional on frozen fitted models; not Firth training-refit interval",Approval-descriptor prediction
layer1_term minus layer1,lightgbm_calibrated,crisis_2007_2009,auc,0.28327563484248675,0.26706598326452474,0.2955908399783665,999,0,"paired state-cluster, conditional on frozen fitted models; not Firth training-refit interval",Approval-descriptor prediction
layer1_term minus layer1,lightgbm_calibrated,crisis_2007_2009,average_precision,0.35808482741661957,0.2752664619829787,0.41053590499295095,999,0,"paired state-cluster, conditional on frozen fitted models; not Firth training-refit interval",Approval-descriptor prediction
layer1_term minus layer1,lightgbm_calibrated,crisis_2007_2009,brier,-0.030015924952904657,-0.04334035313435585,-0.01797266067652628,999,0,"paired state-cluster, conditional on frozen fitted models; not Firth training-refit interval",Approval-descriptor prediction
layer1_term minus layer1,lightgbm_calibrated,crisis_2007_2009,calibration_intercept,0.778519738483272,0.5257951418795461,0.9692034173705921,999,0,"paired state-cluster, conditional on frozen fitted models; not Firth training-refit interval",Approval-descriptor prediction
layer1_term minus layer1,lightgbm_calibrated,crisis_2007_2009,calibration_slope,0.21906030323782005,0.14364216432902768,0.2708327453771346,999,0,"paired state-cluster, conditional on frozen fitted models; not Firth training-refit interval",Approval-descriptor prediction
layer1_term minus layer1,lightgbm_calibrated,additional_cohort_2011_2013,auc,0.2492409676004812,0.22903561225330374,0.27059621262775463,999,0,"paired state-cluster, conditional on frozen fitted models; not Firth training-refit interval",Approval-descriptor prediction
layer1_term minus layer1,lightgbm_calibrated,additional_cohort_2011_2013,average_precision,0.21788365064651882,0.15119506589923537,0.2920093205221909,999,0,"paired state-cluster, conditional on frozen fitted models; not Firth training-refit interval",Approval-descriptor prediction
layer1_term minus layer1,lightgbm_calibrated,additional_cohort_2011_2013,brier,-0.0029625357829111635,-0.0038122462936226223,-0.002067412980650516,999,0,"paired state-cluster, conditional on frozen fitted models; not Firth training-refit interval",Approval-descriptor prediction
layer1_term minus layer1,lightgbm_calibrated,additional_cohort_2011_2013,calibration_intercept,1.0251147300828498,0.7949520084599885,1.2813958064499744,999,0,"paired state-cluster, conditional on frozen fitted models; not Firth training-refit interval",Approval-descriptor prediction
layer1_term minus layer1,lightgbm_calibrated,additional_cohort_2011_2013,calibration_slope,0.09734573611716857,0.025393179467481174,0.17716899027983996,999,0,"paired state-cluster, conditional on frozen fitted models; not Firth training-refit interval",Approval-descriptor prediction
layer2_term minus layer2,firth_raw,post_amendment_validation_2013_2014,auc,0.07000590508551918,0.059747608343062225,0.08321886268960539,999,0,"paired state-cluster, conditional on frozen fitted models; not Firth training-refit interval",Retrospective conditional validation using realized macro paths.
layer2_term minus layer2,firth_raw,post_amendment_validation_2013_2014,average_precision,0.010148678281418941,0.007826181771795327,0.012505098758736824,999,0,"paired state-cluster, conditional on frozen fitted models; not Firth training-refit interval",Retrospective conditional validation using realized macro paths.
layer2_term minus layer2,firth_raw,post_amendment_validation_2013_2014,brier,-0.00023477876570427575,-0.0002866827612422996,-0.00018611684711307414,999,0,"paired state-cluster, conditional on frozen fitted models; not Firth training-refit interval",Retrospective conditional validation using realized macro paths.
layer2_term minus layer2,firth_raw,post_amendment_validation_2013_2014,calibration_intercept,0.757387543418262,0.5300130877147728,1.0363947124091704,999,0,"paired state-cluster, conditional on frozen fitted models; not Firth training-refit interval",Retrospective conditional validation using realized macro paths.
layer2_term minus layer2,firth_raw,post_amendment_validation_2013_2014,calibration_slope,0.17864848787755583,0.11151418757196924,0.25713645630831966,999,0,"paired state-cluster, conditional on frozen fitted models; not Firth training-refit interval",Retrospective conditional validation using realized macro paths.
layer2_term minus layer2,lightgbm_raw,post_amendment_validation_2013_2014,auc,0.25398667358290217,0.2338253785278464,0.2798477053878029,999,0,"paired state-cluster, conditional on frozen fitted models; not Firth training-refit interval",Retrospective conditional validation using realized macro paths.
layer2_term minus layer2,lightgbm_raw,post_amendment_validation_2013_2014,average_precision,0.34676303376521767,0.27378313034068136,0.39655223882850643,999,0,"paired state-cluster, conditional on frozen fitted models; not Firth training-refit interval",Retrospective conditional validation using realized macro paths.
layer2_term minus layer2,lightgbm_raw,post_amendment_validation_2013_2014,brier,-0.0034998529166514573,-0.004471549843668852,-0.0024012835775103266,999,0,"paired state-cluster, conditional on frozen fitted models; not Firth training-refit interval",Retrospective conditional validation using realized macro paths.
layer2_term minus layer2,lightgbm_raw,post_amendment_validation_2013_2014,calibration_intercept,0.8626543016275375,0.6486899685030024,1.174730031713627,999,0,"paired state-cluster, conditional on frozen fitted models; not Firth training-refit interval",Retrospective conditional validation using realized macro paths.
layer2_term minus layer2,lightgbm_raw,post_amendment_validation_2013_2014,calibration_slope,0.12299544469840917,0.05839951301936063,0.20985352924909464,999,0,"paired state-cluster, conditional on frozen fitted models; not Firth training-refit interval",Retrospective conditional validation using realized macro paths.
layer2_term minus layer2,lightgbm_calibrated,post_amendment_validation_2013_2014,auc,0.25398667358290217,0.2338253785278464,0.2798477053878029,999,0,"paired state-cluster, conditional on frozen fitted models; not Firth training-refit interval",Retrospective conditional validation using realized macro paths.
layer2_term minus layer2,lightgbm_calibrated,post_amendment_validation_2013_2014,average_precision,0.34676303376521767,0.27378313034068136,0.39655223882850643,999,0,"paired state-cluster, conditional on frozen fitted models; not Firth training-refit interval",Retrospective conditional validation using realized macro paths.
layer2_term minus layer2,lightgbm_calibrated,post_amendment_validation_2013_2014,brier,-0.0032451296991767315,-0.004172085935005086,-0.002230693204387557,999,0,"paired state-cluster, conditional on frozen fitted models; not Firth training-refit interval",Retrospective conditional validation using realized macro paths.
layer2_term minus layer2,lightgbm_calibrated,post_amendment_validation_2013_2014,calibration_intercept,0.6890683276835361,0.4467594547632711,1.035494267844026,999,0,"paired state-cluster, conditional on frozen fitted models; not Firth training-refit interval",Retrospective conditional validation using realized macro paths.
layer2_term minus layer2,lightgbm_calibrated,post_amendment_validation_2013_2014,calibration_slope,0.13878790253264595,0.07585715078719582,0.22347682030386884,999,0,"paired state-cluster, conditional on frozen fitted models; not Firth training-refit interval",Retrospective conditional validation using realized macro paths.
