variant,cohort,feature,n,missing_n,unseen_n,unseen_action,layer_interpretation,specification_role
layer1,training_1991_2002,ProcessingMethod,405443,0,0,fitted Other,Approval-descriptor prediction,Term-free primary specification
layer1,training_1991_2002,FixedorVariableInterestInd,405443,405443,0,zero one-hot dummy vector; native tree missing category,Approval-descriptor prediction,Term-free primary specification
layer1,training_1991_2002,naics2,405443,172195,0,fitted Other,Approval-descriptor prediction,Term-free primary specification
layer1,training_1991_2002,BusinessType,405443,3674,0,zero one-hot dummy vector; native tree missing category,Approval-descriptor prediction,Term-free primary specification
layer1,training_1991_2002,BusinessAge,405443,11,0,fitted Other,Approval-descriptor prediction,Term-free primary specification
layer1,training_1991_2002,franchise,405443,0,0,zero one-hot dummy vector; native tree missing category,Approval-descriptor prediction,Term-free primary specification
layer1,training_1991_2002,loan_type,405443,0,0,zero one-hot dummy vector; native tree missing category,Approval-descriptor prediction,Term-free primary specification
layer1,training_1991_2002,ProjectState,405443,0,0,zero one-hot dummy vector; native tree missing category,Approval-descriptor prediction,Term-free primary specification
layer1,training_1991_2002,log_approval,405443,0,0,training median plus missing flag for logit; native missing for tree,Approval-descriptor prediction,Term-free primary specification
layer1,training_1991_2002,guarantee_share,405443,0,0,training median plus missing flag for logit; native missing for tree,Approval-descriptor prediction,Term-free primary specification
layer1,training_1991_2002,log_jobs,405443,0,0,training median plus missing flag for logit; native missing for tree,Approval-descriptor prediction,Term-free primary specification
layer1,calibration_2003H2,ProcessingMethod,31955,0,0,fitted Other,Approval-descriptor prediction,Term-free primary specification
layer1,calibration_2003H2,FixedorVariableInterestInd,31955,31955,0,zero one-hot dummy vector; native tree missing category,Approval-descriptor prediction,Term-free primary specification
layer1,calibration_2003H2,naics2,31955,22,0,fitted Other,Approval-descriptor prediction,Term-free primary specification
layer1,calibration_2003H2,BusinessType,31955,30,0,zero one-hot dummy vector; native tree missing category,Approval-descriptor prediction,Term-free primary specification
layer1,calibration_2003H2,BusinessAge,31955,1,0,fitted Other,Approval-descriptor prediction,Term-free primary specification
layer1,calibration_2003H2,franchise,31955,0,0,zero one-hot dummy vector; native tree missing category,Approval-descriptor prediction,Term-free primary specification
layer1,calibration_2003H2,loan_type,31955,0,0,zero one-hot dummy vector; native tree missing category,Approval-descriptor prediction,Term-free primary specification
layer1,calibration_2003H2,ProjectState,31955,0,0,zero one-hot dummy vector; native tree missing category,Approval-descriptor prediction,Term-free primary specification
layer1,calibration_2003H2,log_approval,31955,0,0,training median plus missing flag for logit; native missing for tree,Approval-descriptor prediction,Term-free primary specification
layer1,calibration_2003H2,guarantee_share,31955,0,0,training median plus missing flag for logit; native missing for tree,Approval-descriptor prediction,Term-free primary specification
layer1,calibration_2003H2,log_jobs,31955,0,0,training median plus missing flag for logit; native missing for tree,Approval-descriptor prediction,Term-free primary specification
layer1,crisis_2007_2009,ProcessingMethod,181311,0,6572,fitted Other,Approval-descriptor prediction,Term-free primary specification
layer1,crisis_2007_2009,FixedorVariableInterestInd,181311,144630,36681,zero one-hot dummy vector; native tree missing category,Approval-descriptor prediction,Term-free primary specification
layer1,crisis_2007_2009,naics2,181311,2,0,fitted Other,Approval-descriptor prediction,Term-free primary specification
layer1,crisis_2007_2009,BusinessType,181311,41,0,zero one-hot dummy vector; native tree missing category,Approval-descriptor prediction,Term-free primary specification
layer1,crisis_2007_2009,BusinessAge,181311,50,0,fitted Other,Approval-descriptor prediction,Term-free primary specification
layer1,crisis_2007_2009,franchise,181311,0,0,zero one-hot dummy vector; native tree missing category,Approval-descriptor prediction,Term-free primary specification
layer1,crisis_2007_2009,loan_type,181311,0,0,zero one-hot dummy vector; native tree missing category,Approval-descriptor prediction,Term-free primary specification
layer1,crisis_2007_2009,ProjectState,181311,0,0,zero one-hot dummy vector; native tree missing category,Approval-descriptor prediction,Term-free primary specification
layer1,crisis_2007_2009,log_approval,181311,0,0,training median plus missing flag for logit; native missing for tree,Approval-descriptor prediction,Term-free primary specification
layer1,crisis_2007_2009,guarantee_share,181311,0,0,training median plus missing flag for logit; native missing for tree,Approval-descriptor prediction,Term-free primary specification
layer1,crisis_2007_2009,log_jobs,181311,0,0,training median plus missing flag for logit; native missing for tree,Approval-descriptor prediction,Term-free primary specification
layer1,additional_cohort_2011_2013,ProcessingMethod,120002,0,10890,fitted Other,Approval-descriptor prediction,Term-free primary specification
layer1,additional_cohort_2011_2013,FixedorVariableInterestInd,120002,435,119567,zero one-hot dummy vector; native tree missing category,Approval-descriptor prediction,Term-free primary specification
layer1,additional_cohort_2011_2013,naics2,120002,2,0,fitted Other,Approval-descriptor prediction,Term-free primary specification
layer1,additional_cohort_2011_2013,BusinessType,120002,10,0,zero one-hot dummy vector; native tree missing category,Approval-descriptor prediction,Term-free primary specification
layer1,additional_cohort_2011_2013,BusinessAge,120002,86,0,fitted Other,Approval-descriptor prediction,Term-free primary specification
layer1,additional_cohort_2011_2013,franchise,120002,0,0,zero one-hot dummy vector; native tree missing category,Approval-descriptor prediction,Term-free primary specification
layer1,additional_cohort_2011_2013,loan_type,120002,0,0,zero one-hot dummy vector; native tree missing category,Approval-descriptor prediction,Term-free primary specification
layer1,additional_cohort_2011_2013,ProjectState,120002,0,0,zero one-hot dummy vector; native tree missing category,Approval-descriptor prediction,Term-free primary specification
layer1,additional_cohort_2011_2013,log_approval,120002,0,0,training median plus missing flag for logit; native missing for tree,Approval-descriptor prediction,Term-free primary specification
layer1,additional_cohort_2011_2013,guarantee_share,120002,0,0,training median plus missing flag for logit; native missing for tree,Approval-descriptor prediction,Term-free primary specification
layer1,additional_cohort_2011_2013,log_jobs,120002,0,0,training median plus missing flag for logit; native missing for tree,Approval-descriptor prediction,Term-free primary specification
layer1_term,training_1991_2002,ProcessingMethod,405443,0,0,fitted Other,Approval-descriptor prediction,With-Term sensitivity; reported-term timing unverified
layer1_term,training_1991_2002,FixedorVariableInterestInd,405443,405443,0,zero one-hot dummy vector; native tree missing category,Approval-descriptor prediction,With-Term sensitivity; reported-term timing unverified
layer1_term,training_1991_2002,naics2,405443,172195,0,fitted Other,Approval-descriptor prediction,With-Term sensitivity; reported-term timing unverified
layer1_term,training_1991_2002,BusinessType,405443,3674,0,zero one-hot dummy vector; native tree missing category,Approval-descriptor prediction,With-Term sensitivity; reported-term timing unverified
layer1_term,training_1991_2002,BusinessAge,405443,11,0,fitted Other,Approval-descriptor prediction,With-Term sensitivity; reported-term timing unverified
layer1_term,training_1991_2002,franchise,405443,0,0,zero one-hot dummy vector; native tree missing category,Approval-descriptor prediction,With-Term sensitivity; reported-term timing unverified
layer1_term,training_1991_2002,loan_type,405443,0,0,zero one-hot dummy vector; native tree missing category,Approval-descriptor prediction,With-Term sensitivity; reported-term timing unverified
layer1_term,training_1991_2002,ProjectState,405443,0,0,zero one-hot dummy vector; native tree missing category,Approval-descriptor prediction,With-Term sensitivity; reported-term timing unverified
layer1_term,training_1991_2002,log_approval,405443,0,0,training median plus missing flag for logit; native missing for tree,Approval-descriptor prediction,With-Term sensitivity; reported-term timing unverified
layer1_term,training_1991_2002,guarantee_share,405443,0,0,training median plus missing flag for logit; native missing for tree,Approval-descriptor prediction,With-Term sensitivity; reported-term timing unverified
layer1_term,training_1991_2002,log_jobs,405443,0,0,training median plus missing flag for logit; native missing for tree,Approval-descriptor prediction,With-Term sensitivity; reported-term timing unverified
layer1_term,training_1991_2002,TermInMonths,405443,0,0,training median plus missing flag for logit; native missing for tree,Approval-descriptor prediction,With-Term sensitivity; reported-term timing unverified
layer1_term,calibration_2003H2,ProcessingMethod,31955,0,0,fitted Other,Approval-descriptor prediction,With-Term sensitivity; reported-term timing unverified
layer1_term,calibration_2003H2,FixedorVariableInterestInd,31955,31955,0,zero one-hot dummy vector; native tree missing category,Approval-descriptor prediction,With-Term sensitivity; reported-term timing unverified
layer1_term,calibration_2003H2,naics2,31955,22,0,fitted Other,Approval-descriptor prediction,With-Term sensitivity; reported-term timing unverified
layer1_term,calibration_2003H2,BusinessType,31955,30,0,zero one-hot dummy vector; native tree missing category,Approval-descriptor prediction,With-Term sensitivity; reported-term timing unverified
layer1_term,calibration_2003H2,BusinessAge,31955,1,0,fitted Other,Approval-descriptor prediction,With-Term sensitivity; reported-term timing unverified
layer1_term,calibration_2003H2,franchise,31955,0,0,zero one-hot dummy vector; native tree missing category,Approval-descriptor prediction,With-Term sensitivity; reported-term timing unverified
layer1_term,calibration_2003H2,loan_type,31955,0,0,zero one-hot dummy vector; native tree missing category,Approval-descriptor prediction,With-Term sensitivity; reported-term timing unverified
layer1_term,calibration_2003H2,ProjectState,31955,0,0,zero one-hot dummy vector; native tree missing category,Approval-descriptor prediction,With-Term sensitivity; reported-term timing unverified
layer1_term,calibration_2003H2,log_approval,31955,0,0,training median plus missing flag for logit; native missing for tree,Approval-descriptor prediction,With-Term sensitivity; reported-term timing unverified
layer1_term,calibration_2003H2,guarantee_share,31955,0,0,training median plus missing flag for logit; native missing for tree,Approval-descriptor prediction,With-Term sensitivity; reported-term timing unverified
layer1_term,calibration_2003H2,log_jobs,31955,0,0,training median plus missing flag for logit; native missing for tree,Approval-descriptor prediction,With-Term sensitivity; reported-term timing unverified
layer1_term,calibration_2003H2,TermInMonths,31955,0,0,training median plus missing flag for logit; native missing for tree,Approval-descriptor prediction,With-Term sensitivity; reported-term timing unverified
layer1_term,crisis_2007_2009,ProcessingMethod,181311,0,6572,fitted Other,Approval-descriptor prediction,With-Term sensitivity; reported-term timing unverified
layer1_term,crisis_2007_2009,FixedorVariableInterestInd,181311,144630,36681,zero one-hot dummy vector; native tree missing category,Approval-descriptor prediction,With-Term sensitivity; reported-term timing unverified
layer1_term,crisis_2007_2009,naics2,181311,2,0,fitted Other,Approval-descriptor prediction,With-Term sensitivity; reported-term timing unverified
layer1_term,crisis_2007_2009,BusinessType,181311,41,0,zero one-hot dummy vector; native tree missing category,Approval-descriptor prediction,With-Term sensitivity; reported-term timing unverified
layer1_term,crisis_2007_2009,BusinessAge,181311,50,0,fitted Other,Approval-descriptor prediction,With-Term sensitivity; reported-term timing unverified
layer1_term,crisis_2007_2009,franchise,181311,0,0,zero one-hot dummy vector; native tree missing category,Approval-descriptor prediction,With-Term sensitivity; reported-term timing unverified
layer1_term,crisis_2007_2009,loan_type,181311,0,0,zero one-hot dummy vector; native tree missing category,Approval-descriptor prediction,With-Term sensitivity; reported-term timing unverified
layer1_term,crisis_2007_2009,ProjectState,181311,0,0,zero one-hot dummy vector; native tree missing category,Approval-descriptor prediction,With-Term sensitivity; reported-term timing unverified
layer1_term,crisis_2007_2009,log_approval,181311,0,0,training median plus missing flag for logit; native missing for tree,Approval-descriptor prediction,With-Term sensitivity; reported-term timing unverified
layer1_term,crisis_2007_2009,guarantee_share,181311,0,0,training median plus missing flag for logit; native missing for tree,Approval-descriptor prediction,With-Term sensitivity; reported-term timing unverified
layer1_term,crisis_2007_2009,log_jobs,181311,0,0,training median plus missing flag for logit; native missing for tree,Approval-descriptor prediction,With-Term sensitivity; reported-term timing unverified
layer1_term,crisis_2007_2009,TermInMonths,181311,0,0,training median plus missing flag for logit; native missing for tree,Approval-descriptor prediction,With-Term sensitivity; reported-term timing unverified
layer1_term,additional_cohort_2011_2013,ProcessingMethod,120002,0,10890,fitted Other,Approval-descriptor prediction,With-Term sensitivity; reported-term timing unverified
layer1_term,additional_cohort_2011_2013,FixedorVariableInterestInd,120002,435,119567,zero one-hot dummy vector; native tree missing category,Approval-descriptor prediction,With-Term sensitivity; reported-term timing unverified
layer1_term,additional_cohort_2011_2013,naics2,120002,2,0,fitted Other,Approval-descriptor prediction,With-Term sensitivity; reported-term timing unverified
layer1_term,additional_cohort_2011_2013,BusinessType,120002,10,0,zero one-hot dummy vector; native tree missing category,Approval-descriptor prediction,With-Term sensitivity; reported-term timing unverified
layer1_term,additional_cohort_2011_2013,BusinessAge,120002,86,0,fitted Other,Approval-descriptor prediction,With-Term sensitivity; reported-term timing unverified
layer1_term,additional_cohort_2011_2013,franchise,120002,0,0,zero one-hot dummy vector; native tree missing category,Approval-descriptor prediction,With-Term sensitivity; reported-term timing unverified
layer1_term,additional_cohort_2011_2013,loan_type,120002,0,0,zero one-hot dummy vector; native tree missing category,Approval-descriptor prediction,With-Term sensitivity; reported-term timing unverified
layer1_term,additional_cohort_2011_2013,ProjectState,120002,0,0,zero one-hot dummy vector; native tree missing category,Approval-descriptor prediction,With-Term sensitivity; reported-term timing unverified
layer1_term,additional_cohort_2011_2013,log_approval,120002,0,0,training median plus missing flag for logit; native missing for tree,Approval-descriptor prediction,With-Term sensitivity; reported-term timing unverified
layer1_term,additional_cohort_2011_2013,guarantee_share,120002,0,0,training median plus missing flag for logit; native missing for tree,Approval-descriptor prediction,With-Term sensitivity; reported-term timing unverified
layer1_term,additional_cohort_2011_2013,log_jobs,120002,0,0,training median plus missing flag for logit; native missing for tree,Approval-descriptor prediction,With-Term sensitivity; reported-term timing unverified
layer1_term,additional_cohort_2011_2013,TermInMonths,120002,0,0,training median plus missing flag for logit; native missing for tree,Approval-descriptor prediction,With-Term sensitivity; reported-term timing unverified
layer2,training_1991_2009,ProcessingMethod,888703,0,0,fitted Other,Retrospective conditional validation using realized macro paths.,Term-free primary specification
layer2,training_1991_2009,FixedorVariableInterestInd,888703,852022,0,zero one-hot dummy vector; native tree missing category,Retrospective conditional validation using realized macro paths.,Term-free primary specification
layer2,training_1991_2009,naics2,888703,172361,0,fitted Other,Retrospective conditional validation using realized macro paths.,Term-free primary specification
layer2,training_1991_2009,BusinessType,888703,3833,0,zero one-hot dummy vector; native tree missing category,Retrospective conditional validation using realized macro paths.,Term-free primary specification
layer2,training_1991_2009,BusinessAge,888703,83,0,fitted Other,Retrospective conditional validation using realized macro paths.,Term-free primary specification
layer2,training_1991_2009,franchise,888703,0,0,zero one-hot dummy vector; native tree missing category,Retrospective conditional validation using realized macro paths.,Term-free primary specification
layer2,training_1991_2009,loan_type,888703,0,0,zero one-hot dummy vector; native tree missing category,Retrospective conditional validation using realized macro paths.,Term-free primary specification
layer2,training_1991_2009,ProjectState,888703,0,0,zero one-hot dummy vector; native tree missing category,Retrospective conditional validation using realized macro paths.,Term-free primary specification
layer2,training_1991_2009,log_approval,888703,0,0,training median plus missing flag for logit; native missing for tree,Retrospective conditional validation using realized macro paths.,Term-free primary specification
layer2,training_1991_2009,guarantee_share,888703,0,0,training median plus missing flag for logit; native missing for tree,Retrospective conditional validation using realized macro paths.,Term-free primary specification
layer2,training_1991_2009,log_jobs,888703,0,0,training median plus missing flag for logit; native missing for tree,Retrospective conditional validation using realized macro paths.,Term-free primary specification
layer2,training_1991_2009,u0,888703,0,0,training median plus missing flag for logit; native missing for tree,Retrospective conditional validation using realized macro paths.,Term-free primary specification
layer2,training_1991_2009,du,888703,0,0,training median plus missing flag for logit; native missing for tree,Retrospective conditional validation using realized macro paths.,Term-free primary specification
layer2,training_1991_2009,h0,888703,0,0,training median plus missing flag for logit; native missing for tree,Retrospective conditional validation using realized macro paths.,Term-free primary specification
layer2,training_1991_2009,dh,888703,0,0,training median plus missing flag for logit; native missing for tree,Retrospective conditional validation using realized macro paths.,Term-free primary specification
layer2,training_1991_2009,year_trend,888703,0,0,training median plus missing flag for logit; native missing for tree,Retrospective conditional validation using realized macro paths.,Term-free primary specification
layer2,calibration_2010,ProcessingMethod,41200,0,0,fitted Other,Retrospective conditional validation using realized macro paths.,Term-free primary specification
layer2,calibration_2010,FixedorVariableInterestInd,41200,629,0,zero one-hot dummy vector; native tree missing category,Retrospective conditional validation using realized macro paths.,Term-free primary specification
layer2,calibration_2010,naics2,41200,0,0,fitted Other,Retrospective conditional validation using realized macro paths.,Term-free primary specification
layer2,calibration_2010,BusinessType,41200,4,0,zero one-hot dummy vector; native tree missing category,Retrospective conditional validation using realized macro paths.,Term-free primary specification
layer2,calibration_2010,BusinessAge,41200,20,0,fitted Other,Retrospective conditional validation using realized macro paths.,Term-free primary specification
layer2,calibration_2010,franchise,41200,0,0,zero one-hot dummy vector; native tree missing category,Retrospective conditional validation using realized macro paths.,Term-free primary specification
layer2,calibration_2010,loan_type,41200,0,0,zero one-hot dummy vector; native tree missing category,Retrospective conditional validation using realized macro paths.,Term-free primary specification
layer2,calibration_2010,ProjectState,41200,0,0,zero one-hot dummy vector; native tree missing category,Retrospective conditional validation using realized macro paths.,Term-free primary specification
layer2,calibration_2010,log_approval,41200,0,0,training median plus missing flag for logit; native missing for tree,Retrospective conditional validation using realized macro paths.,Term-free primary specification
layer2,calibration_2010,guarantee_share,41200,0,0,training median plus missing flag for logit; native missing for tree,Retrospective conditional validation using realized macro paths.,Term-free primary specification
layer2,calibration_2010,log_jobs,41200,0,0,training median plus missing flag for logit; native missing for tree,Retrospective conditional validation using realized macro paths.,Term-free primary specification
layer2,calibration_2010,u0,41200,0,0,training median plus missing flag for logit; native missing for tree,Retrospective conditional validation using realized macro paths.,Term-free primary specification
layer2,calibration_2010,du,41200,0,0,training median plus missing flag for logit; native missing for tree,Retrospective conditional validation using realized macro paths.,Term-free primary specification
layer2,calibration_2010,h0,41200,0,0,training median plus missing flag for logit; native missing for tree,Retrospective conditional validation using realized macro paths.,Term-free primary specification
layer2,calibration_2010,dh,41200,0,0,training median plus missing flag for logit; native missing for tree,Retrospective conditional validation using realized macro paths.,Term-free primary specification
layer2,calibration_2010,year_trend,41200,0,0,training median plus missing flag for logit; native missing for tree,Retrospective conditional validation using realized macro paths.,Term-free primary specification
layer2,post_amendment_validation_2013_2014,ProcessingMethod,87156,0,11467,fitted Other,Retrospective conditional validation using realized macro paths.,Term-free primary specification
layer2,post_amendment_validation_2013_2014,FixedorVariableInterestInd,87156,94,0,zero one-hot dummy vector; native tree missing category,Retrospective conditional validation using realized macro paths.,Term-free primary specification
layer2,post_amendment_validation_2013_2014,naics2,87156,0,0,fitted Other,Retrospective conditional validation using realized macro paths.,Term-free primary specification
layer2,post_amendment_validation_2013_2014,BusinessType,87156,5,0,zero one-hot dummy vector; native tree missing category,Retrospective conditional validation using realized macro paths.,Term-free primary specification
layer2,post_amendment_validation_2013_2014,BusinessAge,87156,158,0,fitted Other,Retrospective conditional validation using realized macro paths.,Term-free primary specification
layer2,post_amendment_validation_2013_2014,franchise,87156,0,0,zero one-hot dummy vector; native tree missing category,Retrospective conditional validation using realized macro paths.,Term-free primary specification
layer2,post_amendment_validation_2013_2014,loan_type,87156,0,0,zero one-hot dummy vector; native tree missing category,Retrospective conditional validation using realized macro paths.,Term-free primary specification
layer2,post_amendment_validation_2013_2014,ProjectState,87156,0,0,zero one-hot dummy vector; native tree missing category,Retrospective conditional validation using realized macro paths.,Term-free primary specification
layer2,post_amendment_validation_2013_2014,log_approval,87156,0,0,training median plus missing flag for logit; native missing for tree,Retrospective conditional validation using realized macro paths.,Term-free primary specification
layer2,post_amendment_validation_2013_2014,guarantee_share,87156,0,0,training median plus missing flag for logit; native missing for tree,Retrospective conditional validation using realized macro paths.,Term-free primary specification
layer2,post_amendment_validation_2013_2014,log_jobs,87156,0,0,training median plus missing flag for logit; native missing for tree,Retrospective conditional validation using realized macro paths.,Term-free primary specification
layer2,post_amendment_validation_2013_2014,u0,87156,0,0,training median plus missing flag for logit; native missing for tree,Retrospective conditional validation using realized macro paths.,Term-free primary specification
layer2,post_amendment_validation_2013_2014,du,87156,0,0,training median plus missing flag for logit; native missing for tree,Retrospective conditional validation using realized macro paths.,Term-free primary specification
layer2,post_amendment_validation_2013_2014,h0,87156,0,0,training median plus missing flag for logit; native missing for tree,Retrospective conditional validation using realized macro paths.,Term-free primary specification
layer2,post_amendment_validation_2013_2014,dh,87156,0,0,training median plus missing flag for logit; native missing for tree,Retrospective conditional validation using realized macro paths.,Term-free primary specification
layer2,post_amendment_validation_2013_2014,year_trend,87156,0,0,training median plus missing flag for logit; native missing for tree,Retrospective conditional validation using realized macro paths.,Term-free primary specification
layer2_term,training_1991_2009,ProcessingMethod,888703,0,0,fitted Other,Retrospective conditional validation using realized macro paths.,With-Term sensitivity; reported-term timing unverified
layer2_term,training_1991_2009,FixedorVariableInterestInd,888703,852022,0,zero one-hot dummy vector; native tree missing category,Retrospective conditional validation using realized macro paths.,With-Term sensitivity; reported-term timing unverified
layer2_term,training_1991_2009,naics2,888703,172361,0,fitted Other,Retrospective conditional validation using realized macro paths.,With-Term sensitivity; reported-term timing unverified
layer2_term,training_1991_2009,BusinessType,888703,3833,0,zero one-hot dummy vector; native tree missing category,Retrospective conditional validation using realized macro paths.,With-Term sensitivity; reported-term timing unverified
layer2_term,training_1991_2009,BusinessAge,888703,83,0,fitted Other,Retrospective conditional validation using realized macro paths.,With-Term sensitivity; reported-term timing unverified
layer2_term,training_1991_2009,franchise,888703,0,0,zero one-hot dummy vector; native tree missing category,Retrospective conditional validation using realized macro paths.,With-Term sensitivity; reported-term timing unverified
layer2_term,training_1991_2009,loan_type,888703,0,0,zero one-hot dummy vector; native tree missing category,Retrospective conditional validation using realized macro paths.,With-Term sensitivity; reported-term timing unverified
layer2_term,training_1991_2009,ProjectState,888703,0,0,zero one-hot dummy vector; native tree missing category,Retrospective conditional validation using realized macro paths.,With-Term sensitivity; reported-term timing unverified
layer2_term,training_1991_2009,log_approval,888703,0,0,training median plus missing flag for logit; native missing for tree,Retrospective conditional validation using realized macro paths.,With-Term sensitivity; reported-term timing unverified
layer2_term,training_1991_2009,guarantee_share,888703,0,0,training median plus missing flag for logit; native missing for tree,Retrospective conditional validation using realized macro paths.,With-Term sensitivity; reported-term timing unverified
layer2_term,training_1991_2009,log_jobs,888703,0,0,training median plus missing flag for logit; native missing for tree,Retrospective conditional validation using realized macro paths.,With-Term sensitivity; reported-term timing unverified
layer2_term,training_1991_2009,TermInMonths,888703,0,0,training median plus missing flag for logit; native missing for tree,Retrospective conditional validation using realized macro paths.,With-Term sensitivity; reported-term timing unverified
layer2_term,training_1991_2009,u0,888703,0,0,training median plus missing flag for logit; native missing for tree,Retrospective conditional validation using realized macro paths.,With-Term sensitivity; reported-term timing unverified
layer2_term,training_1991_2009,du,888703,0,0,training median plus missing flag for logit; native missing for tree,Retrospective conditional validation using realized macro paths.,With-Term sensitivity; reported-term timing unverified
layer2_term,training_1991_2009,h0,888703,0,0,training median plus missing flag for logit; native missing for tree,Retrospective conditional validation using realized macro paths.,With-Term sensitivity; reported-term timing unverified
layer2_term,training_1991_2009,dh,888703,0,0,training median plus missing flag for logit; native missing for tree,Retrospective conditional validation using realized macro paths.,With-Term sensitivity; reported-term timing unverified
layer2_term,training_1991_2009,year_trend,888703,0,0,training median plus missing flag for logit; native missing for tree,Retrospective conditional validation using realized macro paths.,With-Term sensitivity; reported-term timing unverified
layer2_term,calibration_2010,ProcessingMethod,41200,0,0,fitted Other,Retrospective conditional validation using realized macro paths.,With-Term sensitivity; reported-term timing unverified
layer2_term,calibration_2010,FixedorVariableInterestInd,41200,629,0,zero one-hot dummy vector; native tree missing category,Retrospective conditional validation using realized macro paths.,With-Term sensitivity; reported-term timing unverified
layer2_term,calibration_2010,naics2,41200,0,0,fitted Other,Retrospective conditional validation using realized macro paths.,With-Term sensitivity; reported-term timing unverified
layer2_term,calibration_2010,BusinessType,41200,4,0,zero one-hot dummy vector; native tree missing category,Retrospective conditional validation using realized macro paths.,With-Term sensitivity; reported-term timing unverified
layer2_term,calibration_2010,BusinessAge,41200,20,0,fitted Other,Retrospective conditional validation using realized macro paths.,With-Term sensitivity; reported-term timing unverified
layer2_term,calibration_2010,franchise,41200,0,0,zero one-hot dummy vector; native tree missing category,Retrospective conditional validation using realized macro paths.,With-Term sensitivity; reported-term timing unverified
layer2_term,calibration_2010,loan_type,41200,0,0,zero one-hot dummy vector; native tree missing category,Retrospective conditional validation using realized macro paths.,With-Term sensitivity; reported-term timing unverified
layer2_term,calibration_2010,ProjectState,41200,0,0,zero one-hot dummy vector; native tree missing category,Retrospective conditional validation using realized macro paths.,With-Term sensitivity; reported-term timing unverified
layer2_term,calibration_2010,log_approval,41200,0,0,training median plus missing flag for logit; native missing for tree,Retrospective conditional validation using realized macro paths.,With-Term sensitivity; reported-term timing unverified
layer2_term,calibration_2010,guarantee_share,41200,0,0,training median plus missing flag for logit; native missing for tree,Retrospective conditional validation using realized macro paths.,With-Term sensitivity; reported-term timing unverified
layer2_term,calibration_2010,log_jobs,41200,0,0,training median plus missing flag for logit; native missing for tree,Retrospective conditional validation using realized macro paths.,With-Term sensitivity; reported-term timing unverified
layer2_term,calibration_2010,TermInMonths,41200,0,0,training median plus missing flag for logit; native missing for tree,Retrospective conditional validation using realized macro paths.,With-Term sensitivity; reported-term timing unverified
layer2_term,calibration_2010,u0,41200,0,0,training median plus missing flag for logit; native missing for tree,Retrospective conditional validation using realized macro paths.,With-Term sensitivity; reported-term timing unverified
layer2_term,calibration_2010,du,41200,0,0,training median plus missing flag for logit; native missing for tree,Retrospective conditional validation using realized macro paths.,With-Term sensitivity; reported-term timing unverified
layer2_term,calibration_2010,h0,41200,0,0,training median plus missing flag for logit; native missing for tree,Retrospective conditional validation using realized macro paths.,With-Term sensitivity; reported-term timing unverified
layer2_term,calibration_2010,dh,41200,0,0,training median plus missing flag for logit; native missing for tree,Retrospective conditional validation using realized macro paths.,With-Term sensitivity; reported-term timing unverified
layer2_term,calibration_2010,year_trend,41200,0,0,training median plus missing flag for logit; native missing for tree,Retrospective conditional validation using realized macro paths.,With-Term sensitivity; reported-term timing unverified
layer2_term,post_amendment_validation_2013_2014,ProcessingMethod,87156,0,11467,fitted Other,Retrospective conditional validation using realized macro paths.,With-Term sensitivity; reported-term timing unverified
layer2_term,post_amendment_validation_2013_2014,FixedorVariableInterestInd,87156,94,0,zero one-hot dummy vector; native tree missing category,Retrospective conditional validation using realized macro paths.,With-Term sensitivity; reported-term timing unverified
layer2_term,post_amendment_validation_2013_2014,naics2,87156,0,0,fitted Other,Retrospective conditional validation using realized macro paths.,With-Term sensitivity; reported-term timing unverified
layer2_term,post_amendment_validation_2013_2014,BusinessType,87156,5,0,zero one-hot dummy vector; native tree missing category,Retrospective conditional validation using realized macro paths.,With-Term sensitivity; reported-term timing unverified
layer2_term,post_amendment_validation_2013_2014,BusinessAge,87156,158,0,fitted Other,Retrospective conditional validation using realized macro paths.,With-Term sensitivity; reported-term timing unverified
layer2_term,post_amendment_validation_2013_2014,franchise,87156,0,0,zero one-hot dummy vector; native tree missing category,Retrospective conditional validation using realized macro paths.,With-Term sensitivity; reported-term timing unverified
layer2_term,post_amendment_validation_2013_2014,loan_type,87156,0,0,zero one-hot dummy vector; native tree missing category,Retrospective conditional validation using realized macro paths.,With-Term sensitivity; reported-term timing unverified
layer2_term,post_amendment_validation_2013_2014,ProjectState,87156,0,0,zero one-hot dummy vector; native tree missing category,Retrospective conditional validation using realized macro paths.,With-Term sensitivity; reported-term timing unverified
layer2_term,post_amendment_validation_2013_2014,log_approval,87156,0,0,training median plus missing flag for logit; native missing for tree,Retrospective conditional validation using realized macro paths.,With-Term sensitivity; reported-term timing unverified
layer2_term,post_amendment_validation_2013_2014,guarantee_share,87156,0,0,training median plus missing flag for logit; native missing for tree,Retrospective conditional validation using realized macro paths.,With-Term sensitivity; reported-term timing unverified
layer2_term,post_amendment_validation_2013_2014,log_jobs,87156,0,0,training median plus missing flag for logit; native missing for tree,Retrospective conditional validation using realized macro paths.,With-Term sensitivity; reported-term timing unverified
layer2_term,post_amendment_validation_2013_2014,TermInMonths,87156,0,0,training median plus missing flag for logit; native missing for tree,Retrospective conditional validation using realized macro paths.,With-Term sensitivity; reported-term timing unverified
layer2_term,post_amendment_validation_2013_2014,u0,87156,0,0,training median plus missing flag for logit; native missing for tree,Retrospective conditional validation using realized macro paths.,With-Term sensitivity; reported-term timing unverified
layer2_term,post_amendment_validation_2013_2014,du,87156,0,0,training median plus missing flag for logit; native missing for tree,Retrospective conditional validation using realized macro paths.,With-Term sensitivity; reported-term timing unverified
layer2_term,post_amendment_validation_2013_2014,h0,87156,0,0,training median plus missing flag for logit; native missing for tree,Retrospective conditional validation using realized macro paths.,With-Term sensitivity; reported-term timing unverified
layer2_term,post_amendment_validation_2013_2014,dh,87156,0,0,training median plus missing flag for logit; native missing for tree,Retrospective conditional validation using realized macro paths.,With-Term sensitivity; reported-term timing unverified
layer2_term,post_amendment_validation_2013_2014,year_trend,87156,0,0,training median plus missing flag for logit; native missing for tree,Retrospective conditional validation using realized macro paths.,With-Term sensitivity; reported-term timing unverified
layer2_peak,training_1991_2009,ProcessingMethod,888703,0,0,fitted Other,Retrospective conditional validation using realized macro paths.,Term-free peak-unemployment sensitivity
layer2_peak,training_1991_2009,FixedorVariableInterestInd,888703,852022,0,zero one-hot dummy vector; native tree missing category,Retrospective conditional validation using realized macro paths.,Term-free peak-unemployment sensitivity
layer2_peak,training_1991_2009,naics2,888703,172361,0,fitted Other,Retrospective conditional validation using realized macro paths.,Term-free peak-unemployment sensitivity
layer2_peak,training_1991_2009,BusinessType,888703,3833,0,zero one-hot dummy vector; native tree missing category,Retrospective conditional validation using realized macro paths.,Term-free peak-unemployment sensitivity
layer2_peak,training_1991_2009,BusinessAge,888703,83,0,fitted Other,Retrospective conditional validation using realized macro paths.,Term-free peak-unemployment sensitivity
layer2_peak,training_1991_2009,franchise,888703,0,0,zero one-hot dummy vector; native tree missing category,Retrospective conditional validation using realized macro paths.,Term-free peak-unemployment sensitivity
layer2_peak,training_1991_2009,loan_type,888703,0,0,zero one-hot dummy vector; native tree missing category,Retrospective conditional validation using realized macro paths.,Term-free peak-unemployment sensitivity
layer2_peak,training_1991_2009,ProjectState,888703,0,0,zero one-hot dummy vector; native tree missing category,Retrospective conditional validation using realized macro paths.,Term-free peak-unemployment sensitivity
layer2_peak,training_1991_2009,log_approval,888703,0,0,training median plus missing flag for logit; native missing for tree,Retrospective conditional validation using realized macro paths.,Term-free peak-unemployment sensitivity
layer2_peak,training_1991_2009,guarantee_share,888703,0,0,training median plus missing flag for logit; native missing for tree,Retrospective conditional validation using realized macro paths.,Term-free peak-unemployment sensitivity
layer2_peak,training_1991_2009,log_jobs,888703,0,0,training median plus missing flag for logit; native missing for tree,Retrospective conditional validation using realized macro paths.,Term-free peak-unemployment sensitivity
layer2_peak,training_1991_2009,u0,888703,0,0,training median plus missing flag for logit; native missing for tree,Retrospective conditional validation using realized macro paths.,Term-free peak-unemployment sensitivity
layer2_peak,training_1991_2009,peak_du,888703,0,0,training median plus missing flag for logit; native missing for tree,Retrospective conditional validation using realized macro paths.,Term-free peak-unemployment sensitivity
layer2_peak,training_1991_2009,h0,888703,0,0,training median plus missing flag for logit; native missing for tree,Retrospective conditional validation using realized macro paths.,Term-free peak-unemployment sensitivity
layer2_peak,training_1991_2009,dh,888703,0,0,training median plus missing flag for logit; native missing for tree,Retrospective conditional validation using realized macro paths.,Term-free peak-unemployment sensitivity
layer2_peak,training_1991_2009,year_trend,888703,0,0,training median plus missing flag for logit; native missing for tree,Retrospective conditional validation using realized macro paths.,Term-free peak-unemployment sensitivity
layer2_peak,calibration_2010,ProcessingMethod,41200,0,0,fitted Other,Retrospective conditional validation using realized macro paths.,Term-free peak-unemployment sensitivity
layer2_peak,calibration_2010,FixedorVariableInterestInd,41200,629,0,zero one-hot dummy vector; native tree missing category,Retrospective conditional validation using realized macro paths.,Term-free peak-unemployment sensitivity
layer2_peak,calibration_2010,naics2,41200,0,0,fitted Other,Retrospective conditional validation using realized macro paths.,Term-free peak-unemployment sensitivity
layer2_peak,calibration_2010,BusinessType,41200,4,0,zero one-hot dummy vector; native tree missing category,Retrospective conditional validation using realized macro paths.,Term-free peak-unemployment sensitivity
layer2_peak,calibration_2010,BusinessAge,41200,20,0,fitted Other,Retrospective conditional validation using realized macro paths.,Term-free peak-unemployment sensitivity
layer2_peak,calibration_2010,franchise,41200,0,0,zero one-hot dummy vector; native tree missing category,Retrospective conditional validation using realized macro paths.,Term-free peak-unemployment sensitivity
layer2_peak,calibration_2010,loan_type,41200,0,0,zero one-hot dummy vector; native tree missing category,Retrospective conditional validation using realized macro paths.,Term-free peak-unemployment sensitivity
layer2_peak,calibration_2010,ProjectState,41200,0,0,zero one-hot dummy vector; native tree missing category,Retrospective conditional validation using realized macro paths.,Term-free peak-unemployment sensitivity
layer2_peak,calibration_2010,log_approval,41200,0,0,training median plus missing flag for logit; native missing for tree,Retrospective conditional validation using realized macro paths.,Term-free peak-unemployment sensitivity
layer2_peak,calibration_2010,guarantee_share,41200,0,0,training median plus missing flag for logit; native missing for tree,Retrospective conditional validation using realized macro paths.,Term-free peak-unemployment sensitivity
layer2_peak,calibration_2010,log_jobs,41200,0,0,training median plus missing flag for logit; native missing for tree,Retrospective conditional validation using realized macro paths.,Term-free peak-unemployment sensitivity
layer2_peak,calibration_2010,u0,41200,0,0,training median plus missing flag for logit; native missing for tree,Retrospective conditional validation using realized macro paths.,Term-free peak-unemployment sensitivity
layer2_peak,calibration_2010,peak_du,41200,0,0,training median plus missing flag for logit; native missing for tree,Retrospective conditional validation using realized macro paths.,Term-free peak-unemployment sensitivity
layer2_peak,calibration_2010,h0,41200,0,0,training median plus missing flag for logit; native missing for tree,Retrospective conditional validation using realized macro paths.,Term-free peak-unemployment sensitivity
layer2_peak,calibration_2010,dh,41200,0,0,training median plus missing flag for logit; native missing for tree,Retrospective conditional validation using realized macro paths.,Term-free peak-unemployment sensitivity
layer2_peak,calibration_2010,year_trend,41200,0,0,training median plus missing flag for logit; native missing for tree,Retrospective conditional validation using realized macro paths.,Term-free peak-unemployment sensitivity
layer2_peak,post_amendment_validation_2013_2014,ProcessingMethod,87156,0,11467,fitted Other,Retrospective conditional validation using realized macro paths.,Term-free peak-unemployment sensitivity
layer2_peak,post_amendment_validation_2013_2014,FixedorVariableInterestInd,87156,94,0,zero one-hot dummy vector; native tree missing category,Retrospective conditional validation using realized macro paths.,Term-free peak-unemployment sensitivity
layer2_peak,post_amendment_validation_2013_2014,naics2,87156,0,0,fitted Other,Retrospective conditional validation using realized macro paths.,Term-free peak-unemployment sensitivity
layer2_peak,post_amendment_validation_2013_2014,BusinessType,87156,5,0,zero one-hot dummy vector; native tree missing category,Retrospective conditional validation using realized macro paths.,Term-free peak-unemployment sensitivity
layer2_peak,post_amendment_validation_2013_2014,BusinessAge,87156,158,0,fitted Other,Retrospective conditional validation using realized macro paths.,Term-free peak-unemployment sensitivity
layer2_peak,post_amendment_validation_2013_2014,franchise,87156,0,0,zero one-hot dummy vector; native tree missing category,Retrospective conditional validation using realized macro paths.,Term-free peak-unemployment sensitivity
layer2_peak,post_amendment_validation_2013_2014,loan_type,87156,0,0,zero one-hot dummy vector; native tree missing category,Retrospective conditional validation using realized macro paths.,Term-free peak-unemployment sensitivity
layer2_peak,post_amendment_validation_2013_2014,ProjectState,87156,0,0,zero one-hot dummy vector; native tree missing category,Retrospective conditional validation using realized macro paths.,Term-free peak-unemployment sensitivity
layer2_peak,post_amendment_validation_2013_2014,log_approval,87156,0,0,training median plus missing flag for logit; native missing for tree,Retrospective conditional validation using realized macro paths.,Term-free peak-unemployment sensitivity
layer2_peak,post_amendment_validation_2013_2014,guarantee_share,87156,0,0,training median plus missing flag for logit; native missing for tree,Retrospective conditional validation using realized macro paths.,Term-free peak-unemployment sensitivity
layer2_peak,post_amendment_validation_2013_2014,log_jobs,87156,0,0,training median plus missing flag for logit; native missing for tree,Retrospective conditional validation using realized macro paths.,Term-free peak-unemployment sensitivity
layer2_peak,post_amendment_validation_2013_2014,u0,87156,0,0,training median plus missing flag for logit; native missing for tree,Retrospective conditional validation using realized macro paths.,Term-free peak-unemployment sensitivity
layer2_peak,post_amendment_validation_2013_2014,peak_du,87156,0,0,training median plus missing flag for logit; native missing for tree,Retrospective conditional validation using realized macro paths.,Term-free peak-unemployment sensitivity
layer2_peak,post_amendment_validation_2013_2014,h0,87156,0,0,training median plus missing flag for logit; native missing for tree,Retrospective conditional validation using realized macro paths.,Term-free peak-unemployment sensitivity
layer2_peak,post_amendment_validation_2013_2014,dh,87156,0,0,training median plus missing flag for logit; native missing for tree,Retrospective conditional validation using realized macro paths.,Term-free peak-unemployment sensitivity
layer2_peak,post_amendment_validation_2013_2014,year_trend,87156,0,0,training median plus missing flag for logit; native missing for tree,Retrospective conditional validation using realized macro paths.,Term-free peak-unemployment sensitivity
