variant,scenario,scope,feature,flagged_loan_n,flagged_fraction,flagged_approval_usd,n,definition,loss_accounting,layer_interpretation,macro_information_context,specification_role
layer2,baseline,state_specific,log_approval,0,0.0,0.0,89002,Univariate training range; not evidence of joint support,"EAD = GrossApproval, full-disbursement proxy, CCF = 100%; gross charge-off LGD proxy; assumption-based pro-rata guarantee allocation.",Retrospective conditional validation using realized macro paths.,Stipulated baseline/adverse paths; fixed 2006 scenario portfolio; not out-of-sample realized-path validation,Term-free primary specification
layer2,baseline,state_specific,guarantee_share,0,0.0,0.0,89002,Univariate training range; not evidence of joint support,"EAD = GrossApproval, full-disbursement proxy, CCF = 100%; gross charge-off LGD proxy; assumption-based pro-rata guarantee allocation.",Retrospective conditional validation using realized macro paths.,Stipulated baseline/adverse paths; fixed 2006 scenario portfolio; not out-of-sample realized-path validation,Term-free primary specification
layer2,baseline,state_specific,log_jobs,0,0.0,0.0,89002,Univariate training range; not evidence of joint support,"EAD = GrossApproval, full-disbursement proxy, CCF = 100%; gross charge-off LGD proxy; assumption-based pro-rata guarantee allocation.",Retrospective conditional validation using realized macro paths.,Stipulated baseline/adverse paths; fixed 2006 scenario portfolio; not out-of-sample realized-path validation,Term-free primary specification
layer2,baseline,state_specific,u0,0,0.0,0.0,89002,Univariate training range; not evidence of joint support,"EAD = GrossApproval, full-disbursement proxy, CCF = 100%; gross charge-off LGD proxy; assumption-based pro-rata guarantee allocation.",Retrospective conditional validation using realized macro paths.,Stipulated baseline/adverse paths; fixed 2006 scenario portfolio; not out-of-sample realized-path validation,Term-free primary specification
layer2,baseline,state_specific,du,0,0.0,0.0,89002,Univariate training range; not evidence of joint support,"EAD = GrossApproval, full-disbursement proxy, CCF = 100%; gross charge-off LGD proxy; assumption-based pro-rata guarantee allocation.",Retrospective conditional validation using realized macro paths.,Stipulated baseline/adverse paths; fixed 2006 scenario portfolio; not out-of-sample realized-path validation,Term-free primary specification
layer2,baseline,state_specific,h0,0,0.0,0.0,89002,Univariate training range; not evidence of joint support,"EAD = GrossApproval, full-disbursement proxy, CCF = 100%; gross charge-off LGD proxy; assumption-based pro-rata guarantee allocation.",Retrospective conditional validation using realized macro paths.,Stipulated baseline/adverse paths; fixed 2006 scenario portfolio; not out-of-sample realized-path validation,Term-free primary specification
layer2,baseline,state_specific,dh,0,0.0,0.0,89002,Univariate training range; not evidence of joint support,"EAD = GrossApproval, full-disbursement proxy, CCF = 100%; gross charge-off LGD proxy; assumption-based pro-rata guarantee allocation.",Retrospective conditional validation using realized macro paths.,Stipulated baseline/adverse paths; fixed 2006 scenario portfolio; not out-of-sample realized-path validation,Term-free primary specification
layer2,baseline,state_specific,year_trend,0,0.0,0.0,89002,Univariate training range; not evidence of joint support,"EAD = GrossApproval, full-disbursement proxy, CCF = 100%; gross charge-off LGD proxy; assumption-based pro-rata guarantee allocation.",Retrospective conditional validation using realized macro paths.,Stipulated baseline/adverse paths; fixed 2006 scenario portfolio; not out-of-sample realized-path validation,Term-free primary specification
layer2,baseline,pooled_global,log_approval,0,0.0,0.0,89002,Univariate training range; not evidence of joint support,"EAD = GrossApproval, full-disbursement proxy, CCF = 100%; gross charge-off LGD proxy; assumption-based pro-rata guarantee allocation.",Retrospective conditional validation using realized macro paths.,Stipulated baseline/adverse paths; fixed 2006 scenario portfolio; not out-of-sample realized-path validation,Term-free primary specification
layer2,baseline,pooled_global,guarantee_share,0,0.0,0.0,89002,Univariate training range; not evidence of joint support,"EAD = GrossApproval, full-disbursement proxy, CCF = 100%; gross charge-off LGD proxy; assumption-based pro-rata guarantee allocation.",Retrospective conditional validation using realized macro paths.,Stipulated baseline/adverse paths; fixed 2006 scenario portfolio; not out-of-sample realized-path validation,Term-free primary specification
layer2,baseline,pooled_global,log_jobs,0,0.0,0.0,89002,Univariate training range; not evidence of joint support,"EAD = GrossApproval, full-disbursement proxy, CCF = 100%; gross charge-off LGD proxy; assumption-based pro-rata guarantee allocation.",Retrospective conditional validation using realized macro paths.,Stipulated baseline/adverse paths; fixed 2006 scenario portfolio; not out-of-sample realized-path validation,Term-free primary specification
layer2,baseline,pooled_global,u0,0,0.0,0.0,89002,Univariate training range; not evidence of joint support,"EAD = GrossApproval, full-disbursement proxy, CCF = 100%; gross charge-off LGD proxy; assumption-based pro-rata guarantee allocation.",Retrospective conditional validation using realized macro paths.,Stipulated baseline/adverse paths; fixed 2006 scenario portfolio; not out-of-sample realized-path validation,Term-free primary specification
layer2,baseline,pooled_global,du,0,0.0,0.0,89002,Univariate training range; not evidence of joint support,"EAD = GrossApproval, full-disbursement proxy, CCF = 100%; gross charge-off LGD proxy; assumption-based pro-rata guarantee allocation.",Retrospective conditional validation using realized macro paths.,Stipulated baseline/adverse paths; fixed 2006 scenario portfolio; not out-of-sample realized-path validation,Term-free primary specification
layer2,baseline,pooled_global,h0,0,0.0,0.0,89002,Univariate training range; not evidence of joint support,"EAD = GrossApproval, full-disbursement proxy, CCF = 100%; gross charge-off LGD proxy; assumption-based pro-rata guarantee allocation.",Retrospective conditional validation using realized macro paths.,Stipulated baseline/adverse paths; fixed 2006 scenario portfolio; not out-of-sample realized-path validation,Term-free primary specification
layer2,baseline,pooled_global,dh,0,0.0,0.0,89002,Univariate training range; not evidence of joint support,"EAD = GrossApproval, full-disbursement proxy, CCF = 100%; gross charge-off LGD proxy; assumption-based pro-rata guarantee allocation.",Retrospective conditional validation using realized macro paths.,Stipulated baseline/adverse paths; fixed 2006 scenario portfolio; not out-of-sample realized-path validation,Term-free primary specification
layer2,baseline,pooled_global,year_trend,0,0.0,0.0,89002,Univariate training range; not evidence of joint support,"EAD = GrossApproval, full-disbursement proxy, CCF = 100%; gross charge-off LGD proxy; assumption-based pro-rata guarantee allocation.",Retrospective conditional validation using realized macro paths.,Stipulated baseline/adverse paths; fixed 2006 scenario portfolio; not out-of-sample realized-path validation,Term-free primary specification
layer2,adverse,state_specific,log_approval,0,0.0,0.0,89002,Univariate training range; not evidence of joint support,"EAD = GrossApproval, full-disbursement proxy, CCF = 100%; gross charge-off LGD proxy; assumption-based pro-rata guarantee allocation.",Retrospective conditional validation using realized macro paths.,Stipulated baseline/adverse paths; fixed 2006 scenario portfolio; not out-of-sample realized-path validation,Term-free primary specification
layer2,adverse,state_specific,guarantee_share,0,0.0,0.0,89002,Univariate training range; not evidence of joint support,"EAD = GrossApproval, full-disbursement proxy, CCF = 100%; gross charge-off LGD proxy; assumption-based pro-rata guarantee allocation.",Retrospective conditional validation using realized macro paths.,Stipulated baseline/adverse paths; fixed 2006 scenario portfolio; not out-of-sample realized-path validation,Term-free primary specification
layer2,adverse,state_specific,log_jobs,0,0.0,0.0,89002,Univariate training range; not evidence of joint support,"EAD = GrossApproval, full-disbursement proxy, CCF = 100%; gross charge-off LGD proxy; assumption-based pro-rata guarantee allocation.",Retrospective conditional validation using realized macro paths.,Stipulated baseline/adverse paths; fixed 2006 scenario portfolio; not out-of-sample realized-path validation,Term-free primary specification
layer2,adverse,state_specific,u0,0,0.0,0.0,89002,Univariate training range; not evidence of joint support,"EAD = GrossApproval, full-disbursement proxy, CCF = 100%; gross charge-off LGD proxy; assumption-based pro-rata guarantee allocation.",Retrospective conditional validation using realized macro paths.,Stipulated baseline/adverse paths; fixed 2006 scenario portfolio; not out-of-sample realized-path validation,Term-free primary specification
layer2,adverse,state_specific,du,0,0.0,0.0,89002,Univariate training range; not evidence of joint support,"EAD = GrossApproval, full-disbursement proxy, CCF = 100%; gross charge-off LGD proxy; assumption-based pro-rata guarantee allocation.",Retrospective conditional validation using realized macro paths.,Stipulated baseline/adverse paths; fixed 2006 scenario portfolio; not out-of-sample realized-path validation,Term-free primary specification
layer2,adverse,state_specific,h0,0,0.0,0.0,89002,Univariate training range; not evidence of joint support,"EAD = GrossApproval, full-disbursement proxy, CCF = 100%; gross charge-off LGD proxy; assumption-based pro-rata guarantee allocation.",Retrospective conditional validation using realized macro paths.,Stipulated baseline/adverse paths; fixed 2006 scenario portfolio; not out-of-sample realized-path validation,Term-free primary specification
layer2,adverse,state_specific,dh,990,0.0111233455427967,99554858.0,89002,Univariate training range; not evidence of joint support,"EAD = GrossApproval, full-disbursement proxy, CCF = 100%; gross charge-off LGD proxy; assumption-based pro-rata guarantee allocation.",Retrospective conditional validation using realized macro paths.,Stipulated baseline/adverse paths; fixed 2006 scenario portfolio; not out-of-sample realized-path validation,Term-free primary specification
layer2,adverse,state_specific,year_trend,0,0.0,0.0,89002,Univariate training range; not evidence of joint support,"EAD = GrossApproval, full-disbursement proxy, CCF = 100%; gross charge-off LGD proxy; assumption-based pro-rata guarantee allocation.",Retrospective conditional validation using realized macro paths.,Stipulated baseline/adverse paths; fixed 2006 scenario portfolio; not out-of-sample realized-path validation,Term-free primary specification
layer2,adverse,pooled_global,log_approval,0,0.0,0.0,89002,Univariate training range; not evidence of joint support,"EAD = GrossApproval, full-disbursement proxy, CCF = 100%; gross charge-off LGD proxy; assumption-based pro-rata guarantee allocation.",Retrospective conditional validation using realized macro paths.,Stipulated baseline/adverse paths; fixed 2006 scenario portfolio; not out-of-sample realized-path validation,Term-free primary specification
layer2,adverse,pooled_global,guarantee_share,0,0.0,0.0,89002,Univariate training range; not evidence of joint support,"EAD = GrossApproval, full-disbursement proxy, CCF = 100%; gross charge-off LGD proxy; assumption-based pro-rata guarantee allocation.",Retrospective conditional validation using realized macro paths.,Stipulated baseline/adverse paths; fixed 2006 scenario portfolio; not out-of-sample realized-path validation,Term-free primary specification
layer2,adverse,pooled_global,log_jobs,0,0.0,0.0,89002,Univariate training range; not evidence of joint support,"EAD = GrossApproval, full-disbursement proxy, CCF = 100%; gross charge-off LGD proxy; assumption-based pro-rata guarantee allocation.",Retrospective conditional validation using realized macro paths.,Stipulated baseline/adverse paths; fixed 2006 scenario portfolio; not out-of-sample realized-path validation,Term-free primary specification
layer2,adverse,pooled_global,u0,0,0.0,0.0,89002,Univariate training range; not evidence of joint support,"EAD = GrossApproval, full-disbursement proxy, CCF = 100%; gross charge-off LGD proxy; assumption-based pro-rata guarantee allocation.",Retrospective conditional validation using realized macro paths.,Stipulated baseline/adverse paths; fixed 2006 scenario portfolio; not out-of-sample realized-path validation,Term-free primary specification
layer2,adverse,pooled_global,du,0,0.0,0.0,89002,Univariate training range; not evidence of joint support,"EAD = GrossApproval, full-disbursement proxy, CCF = 100%; gross charge-off LGD proxy; assumption-based pro-rata guarantee allocation.",Retrospective conditional validation using realized macro paths.,Stipulated baseline/adverse paths; fixed 2006 scenario portfolio; not out-of-sample realized-path validation,Term-free primary specification
layer2,adverse,pooled_global,h0,0,0.0,0.0,89002,Univariate training range; not evidence of joint support,"EAD = GrossApproval, full-disbursement proxy, CCF = 100%; gross charge-off LGD proxy; assumption-based pro-rata guarantee allocation.",Retrospective conditional validation using realized macro paths.,Stipulated baseline/adverse paths; fixed 2006 scenario portfolio; not out-of-sample realized-path validation,Term-free primary specification
layer2,adverse,pooled_global,dh,0,0.0,0.0,89002,Univariate training range; not evidence of joint support,"EAD = GrossApproval, full-disbursement proxy, CCF = 100%; gross charge-off LGD proxy; assumption-based pro-rata guarantee allocation.",Retrospective conditional validation using realized macro paths.,Stipulated baseline/adverse paths; fixed 2006 scenario portfolio; not out-of-sample realized-path validation,Term-free primary specification
layer2,adverse,pooled_global,year_trend,0,0.0,0.0,89002,Univariate training range; not evidence of joint support,"EAD = GrossApproval, full-disbursement proxy, CCF = 100%; gross charge-off LGD proxy; assumption-based pro-rata guarantee allocation.",Retrospective conditional validation using realized macro paths.,Stipulated baseline/adverse paths; fixed 2006 scenario portfolio; not out-of-sample realized-path validation,Term-free primary specification
layer2_term,baseline,state_specific,log_approval,0,0.0,0.0,89002,Univariate training range; not evidence of joint support,"EAD = GrossApproval, full-disbursement proxy, CCF = 100%; gross charge-off LGD proxy; assumption-based pro-rata guarantee allocation.",Retrospective conditional validation using realized macro paths.,Stipulated baseline/adverse paths; fixed 2006 scenario portfolio; not out-of-sample realized-path validation,With-Term sensitivity; reported-term timing unverified
layer2_term,baseline,state_specific,guarantee_share,0,0.0,0.0,89002,Univariate training range; not evidence of joint support,"EAD = GrossApproval, full-disbursement proxy, CCF = 100%; gross charge-off LGD proxy; assumption-based pro-rata guarantee allocation.",Retrospective conditional validation using realized macro paths.,Stipulated baseline/adverse paths; fixed 2006 scenario portfolio; not out-of-sample realized-path validation,With-Term sensitivity; reported-term timing unverified
layer2_term,baseline,state_specific,log_jobs,0,0.0,0.0,89002,Univariate training range; not evidence of joint support,"EAD = GrossApproval, full-disbursement proxy, CCF = 100%; gross charge-off LGD proxy; assumption-based pro-rata guarantee allocation.",Retrospective conditional validation using realized macro paths.,Stipulated baseline/adverse paths; fixed 2006 scenario portfolio; not out-of-sample realized-path validation,With-Term sensitivity; reported-term timing unverified
layer2_term,baseline,state_specific,TermInMonths,0,0.0,0.0,89002,Univariate training range; not evidence of joint support,"EAD = GrossApproval, full-disbursement proxy, CCF = 100%; gross charge-off LGD proxy; assumption-based pro-rata guarantee allocation.",Retrospective conditional validation using realized macro paths.,Stipulated baseline/adverse paths; fixed 2006 scenario portfolio; not out-of-sample realized-path validation,With-Term sensitivity; reported-term timing unverified
layer2_term,baseline,state_specific,u0,0,0.0,0.0,89002,Univariate training range; not evidence of joint support,"EAD = GrossApproval, full-disbursement proxy, CCF = 100%; gross charge-off LGD proxy; assumption-based pro-rata guarantee allocation.",Retrospective conditional validation using realized macro paths.,Stipulated baseline/adverse paths; fixed 2006 scenario portfolio; not out-of-sample realized-path validation,With-Term sensitivity; reported-term timing unverified
layer2_term,baseline,state_specific,du,0,0.0,0.0,89002,Univariate training range; not evidence of joint support,"EAD = GrossApproval, full-disbursement proxy, CCF = 100%; gross charge-off LGD proxy; assumption-based pro-rata guarantee allocation.",Retrospective conditional validation using realized macro paths.,Stipulated baseline/adverse paths; fixed 2006 scenario portfolio; not out-of-sample realized-path validation,With-Term sensitivity; reported-term timing unverified
layer2_term,baseline,state_specific,h0,0,0.0,0.0,89002,Univariate training range; not evidence of joint support,"EAD = GrossApproval, full-disbursement proxy, CCF = 100%; gross charge-off LGD proxy; assumption-based pro-rata guarantee allocation.",Retrospective conditional validation using realized macro paths.,Stipulated baseline/adverse paths; fixed 2006 scenario portfolio; not out-of-sample realized-path validation,With-Term sensitivity; reported-term timing unverified
layer2_term,baseline,state_specific,dh,0,0.0,0.0,89002,Univariate training range; not evidence of joint support,"EAD = GrossApproval, full-disbursement proxy, CCF = 100%; gross charge-off LGD proxy; assumption-based pro-rata guarantee allocation.",Retrospective conditional validation using realized macro paths.,Stipulated baseline/adverse paths; fixed 2006 scenario portfolio; not out-of-sample realized-path validation,With-Term sensitivity; reported-term timing unverified
layer2_term,baseline,state_specific,year_trend,0,0.0,0.0,89002,Univariate training range; not evidence of joint support,"EAD = GrossApproval, full-disbursement proxy, CCF = 100%; gross charge-off LGD proxy; assumption-based pro-rata guarantee allocation.",Retrospective conditional validation using realized macro paths.,Stipulated baseline/adverse paths; fixed 2006 scenario portfolio; not out-of-sample realized-path validation,With-Term sensitivity; reported-term timing unverified
layer2_term,baseline,pooled_global,log_approval,0,0.0,0.0,89002,Univariate training range; not evidence of joint support,"EAD = GrossApproval, full-disbursement proxy, CCF = 100%; gross charge-off LGD proxy; assumption-based pro-rata guarantee allocation.",Retrospective conditional validation using realized macro paths.,Stipulated baseline/adverse paths; fixed 2006 scenario portfolio; not out-of-sample realized-path validation,With-Term sensitivity; reported-term timing unverified
layer2_term,baseline,pooled_global,guarantee_share,0,0.0,0.0,89002,Univariate training range; not evidence of joint support,"EAD = GrossApproval, full-disbursement proxy, CCF = 100%; gross charge-off LGD proxy; assumption-based pro-rata guarantee allocation.",Retrospective conditional validation using realized macro paths.,Stipulated baseline/adverse paths; fixed 2006 scenario portfolio; not out-of-sample realized-path validation,With-Term sensitivity; reported-term timing unverified
layer2_term,baseline,pooled_global,log_jobs,0,0.0,0.0,89002,Univariate training range; not evidence of joint support,"EAD = GrossApproval, full-disbursement proxy, CCF = 100%; gross charge-off LGD proxy; assumption-based pro-rata guarantee allocation.",Retrospective conditional validation using realized macro paths.,Stipulated baseline/adverse paths; fixed 2006 scenario portfolio; not out-of-sample realized-path validation,With-Term sensitivity; reported-term timing unverified
layer2_term,baseline,pooled_global,TermInMonths,0,0.0,0.0,89002,Univariate training range; not evidence of joint support,"EAD = GrossApproval, full-disbursement proxy, CCF = 100%; gross charge-off LGD proxy; assumption-based pro-rata guarantee allocation.",Retrospective conditional validation using realized macro paths.,Stipulated baseline/adverse paths; fixed 2006 scenario portfolio; not out-of-sample realized-path validation,With-Term sensitivity; reported-term timing unverified
layer2_term,baseline,pooled_global,u0,0,0.0,0.0,89002,Univariate training range; not evidence of joint support,"EAD = GrossApproval, full-disbursement proxy, CCF = 100%; gross charge-off LGD proxy; assumption-based pro-rata guarantee allocation.",Retrospective conditional validation using realized macro paths.,Stipulated baseline/adverse paths; fixed 2006 scenario portfolio; not out-of-sample realized-path validation,With-Term sensitivity; reported-term timing unverified
layer2_term,baseline,pooled_global,du,0,0.0,0.0,89002,Univariate training range; not evidence of joint support,"EAD = GrossApproval, full-disbursement proxy, CCF = 100%; gross charge-off LGD proxy; assumption-based pro-rata guarantee allocation.",Retrospective conditional validation using realized macro paths.,Stipulated baseline/adverse paths; fixed 2006 scenario portfolio; not out-of-sample realized-path validation,With-Term sensitivity; reported-term timing unverified
layer2_term,baseline,pooled_global,h0,0,0.0,0.0,89002,Univariate training range; not evidence of joint support,"EAD = GrossApproval, full-disbursement proxy, CCF = 100%; gross charge-off LGD proxy; assumption-based pro-rata guarantee allocation.",Retrospective conditional validation using realized macro paths.,Stipulated baseline/adverse paths; fixed 2006 scenario portfolio; not out-of-sample realized-path validation,With-Term sensitivity; reported-term timing unverified
layer2_term,baseline,pooled_global,dh,0,0.0,0.0,89002,Univariate training range; not evidence of joint support,"EAD = GrossApproval, full-disbursement proxy, CCF = 100%; gross charge-off LGD proxy; assumption-based pro-rata guarantee allocation.",Retrospective conditional validation using realized macro paths.,Stipulated baseline/adverse paths; fixed 2006 scenario portfolio; not out-of-sample realized-path validation,With-Term sensitivity; reported-term timing unverified
layer2_term,baseline,pooled_global,year_trend,0,0.0,0.0,89002,Univariate training range; not evidence of joint support,"EAD = GrossApproval, full-disbursement proxy, CCF = 100%; gross charge-off LGD proxy; assumption-based pro-rata guarantee allocation.",Retrospective conditional validation using realized macro paths.,Stipulated baseline/adverse paths; fixed 2006 scenario portfolio; not out-of-sample realized-path validation,With-Term sensitivity; reported-term timing unverified
layer2_term,adverse,state_specific,log_approval,0,0.0,0.0,89002,Univariate training range; not evidence of joint support,"EAD = GrossApproval, full-disbursement proxy, CCF = 100%; gross charge-off LGD proxy; assumption-based pro-rata guarantee allocation.",Retrospective conditional validation using realized macro paths.,Stipulated baseline/adverse paths; fixed 2006 scenario portfolio; not out-of-sample realized-path validation,With-Term sensitivity; reported-term timing unverified
layer2_term,adverse,state_specific,guarantee_share,0,0.0,0.0,89002,Univariate training range; not evidence of joint support,"EAD = GrossApproval, full-disbursement proxy, CCF = 100%; gross charge-off LGD proxy; assumption-based pro-rata guarantee allocation.",Retrospective conditional validation using realized macro paths.,Stipulated baseline/adverse paths; fixed 2006 scenario portfolio; not out-of-sample realized-path validation,With-Term sensitivity; reported-term timing unverified
layer2_term,adverse,state_specific,log_jobs,0,0.0,0.0,89002,Univariate training range; not evidence of joint support,"EAD = GrossApproval, full-disbursement proxy, CCF = 100%; gross charge-off LGD proxy; assumption-based pro-rata guarantee allocation.",Retrospective conditional validation using realized macro paths.,Stipulated baseline/adverse paths; fixed 2006 scenario portfolio; not out-of-sample realized-path validation,With-Term sensitivity; reported-term timing unverified
layer2_term,adverse,state_specific,TermInMonths,0,0.0,0.0,89002,Univariate training range; not evidence of joint support,"EAD = GrossApproval, full-disbursement proxy, CCF = 100%; gross charge-off LGD proxy; assumption-based pro-rata guarantee allocation.",Retrospective conditional validation using realized macro paths.,Stipulated baseline/adverse paths; fixed 2006 scenario portfolio; not out-of-sample realized-path validation,With-Term sensitivity; reported-term timing unverified
layer2_term,adverse,state_specific,u0,0,0.0,0.0,89002,Univariate training range; not evidence of joint support,"EAD = GrossApproval, full-disbursement proxy, CCF = 100%; gross charge-off LGD proxy; assumption-based pro-rata guarantee allocation.",Retrospective conditional validation using realized macro paths.,Stipulated baseline/adverse paths; fixed 2006 scenario portfolio; not out-of-sample realized-path validation,With-Term sensitivity; reported-term timing unverified
layer2_term,adverse,state_specific,du,0,0.0,0.0,89002,Univariate training range; not evidence of joint support,"EAD = GrossApproval, full-disbursement proxy, CCF = 100%; gross charge-off LGD proxy; assumption-based pro-rata guarantee allocation.",Retrospective conditional validation using realized macro paths.,Stipulated baseline/adverse paths; fixed 2006 scenario portfolio; not out-of-sample realized-path validation,With-Term sensitivity; reported-term timing unverified
layer2_term,adverse,state_specific,h0,0,0.0,0.0,89002,Univariate training range; not evidence of joint support,"EAD = GrossApproval, full-disbursement proxy, CCF = 100%; gross charge-off LGD proxy; assumption-based pro-rata guarantee allocation.",Retrospective conditional validation using realized macro paths.,Stipulated baseline/adverse paths; fixed 2006 scenario portfolio; not out-of-sample realized-path validation,With-Term sensitivity; reported-term timing unverified
layer2_term,adverse,state_specific,dh,990,0.0111233455427967,99554858.0,89002,Univariate training range; not evidence of joint support,"EAD = GrossApproval, full-disbursement proxy, CCF = 100%; gross charge-off LGD proxy; assumption-based pro-rata guarantee allocation.",Retrospective conditional validation using realized macro paths.,Stipulated baseline/adverse paths; fixed 2006 scenario portfolio; not out-of-sample realized-path validation,With-Term sensitivity; reported-term timing unverified
layer2_term,adverse,state_specific,year_trend,0,0.0,0.0,89002,Univariate training range; not evidence of joint support,"EAD = GrossApproval, full-disbursement proxy, CCF = 100%; gross charge-off LGD proxy; assumption-based pro-rata guarantee allocation.",Retrospective conditional validation using realized macro paths.,Stipulated baseline/adverse paths; fixed 2006 scenario portfolio; not out-of-sample realized-path validation,With-Term sensitivity; reported-term timing unverified
layer2_term,adverse,pooled_global,log_approval,0,0.0,0.0,89002,Univariate training range; not evidence of joint support,"EAD = GrossApproval, full-disbursement proxy, CCF = 100%; gross charge-off LGD proxy; assumption-based pro-rata guarantee allocation.",Retrospective conditional validation using realized macro paths.,Stipulated baseline/adverse paths; fixed 2006 scenario portfolio; not out-of-sample realized-path validation,With-Term sensitivity; reported-term timing unverified
layer2_term,adverse,pooled_global,guarantee_share,0,0.0,0.0,89002,Univariate training range; not evidence of joint support,"EAD = GrossApproval, full-disbursement proxy, CCF = 100%; gross charge-off LGD proxy; assumption-based pro-rata guarantee allocation.",Retrospective conditional validation using realized macro paths.,Stipulated baseline/adverse paths; fixed 2006 scenario portfolio; not out-of-sample realized-path validation,With-Term sensitivity; reported-term timing unverified
layer2_term,adverse,pooled_global,log_jobs,0,0.0,0.0,89002,Univariate training range; not evidence of joint support,"EAD = GrossApproval, full-disbursement proxy, CCF = 100%; gross charge-off LGD proxy; assumption-based pro-rata guarantee allocation.",Retrospective conditional validation using realized macro paths.,Stipulated baseline/adverse paths; fixed 2006 scenario portfolio; not out-of-sample realized-path validation,With-Term sensitivity; reported-term timing unverified
layer2_term,adverse,pooled_global,TermInMonths,0,0.0,0.0,89002,Univariate training range; not evidence of joint support,"EAD = GrossApproval, full-disbursement proxy, CCF = 100%; gross charge-off LGD proxy; assumption-based pro-rata guarantee allocation.",Retrospective conditional validation using realized macro paths.,Stipulated baseline/adverse paths; fixed 2006 scenario portfolio; not out-of-sample realized-path validation,With-Term sensitivity; reported-term timing unverified
layer2_term,adverse,pooled_global,u0,0,0.0,0.0,89002,Univariate training range; not evidence of joint support,"EAD = GrossApproval, full-disbursement proxy, CCF = 100%; gross charge-off LGD proxy; assumption-based pro-rata guarantee allocation.",Retrospective conditional validation using realized macro paths.,Stipulated baseline/adverse paths; fixed 2006 scenario portfolio; not out-of-sample realized-path validation,With-Term sensitivity; reported-term timing unverified
layer2_term,adverse,pooled_global,du,0,0.0,0.0,89002,Univariate training range; not evidence of joint support,"EAD = GrossApproval, full-disbursement proxy, CCF = 100%; gross charge-off LGD proxy; assumption-based pro-rata guarantee allocation.",Retrospective conditional validation using realized macro paths.,Stipulated baseline/adverse paths; fixed 2006 scenario portfolio; not out-of-sample realized-path validation,With-Term sensitivity; reported-term timing unverified
layer2_term,adverse,pooled_global,h0,0,0.0,0.0,89002,Univariate training range; not evidence of joint support,"EAD = GrossApproval, full-disbursement proxy, CCF = 100%; gross charge-off LGD proxy; assumption-based pro-rata guarantee allocation.",Retrospective conditional validation using realized macro paths.,Stipulated baseline/adverse paths; fixed 2006 scenario portfolio; not out-of-sample realized-path validation,With-Term sensitivity; reported-term timing unverified
layer2_term,adverse,pooled_global,dh,0,0.0,0.0,89002,Univariate training range; not evidence of joint support,"EAD = GrossApproval, full-disbursement proxy, CCF = 100%; gross charge-off LGD proxy; assumption-based pro-rata guarantee allocation.",Retrospective conditional validation using realized macro paths.,Stipulated baseline/adverse paths; fixed 2006 scenario portfolio; not out-of-sample realized-path validation,With-Term sensitivity; reported-term timing unverified
layer2_term,adverse,pooled_global,year_trend,0,0.0,0.0,89002,Univariate training range; not evidence of joint support,"EAD = GrossApproval, full-disbursement proxy, CCF = 100%; gross charge-off LGD proxy; assumption-based pro-rata guarantee allocation.",Retrospective conditional validation using realized macro paths.,Stipulated baseline/adverse paths; fixed 2006 scenario portfolio; not out-of-sample realized-path validation,With-Term sensitivity; reported-term timing unverified
layer2_peak,baseline,state_specific,log_approval,0,0.0,0.0,89002,Univariate training range; not evidence of joint support,"EAD = GrossApproval, full-disbursement proxy, CCF = 100%; gross charge-off LGD proxy; assumption-based pro-rata guarantee allocation.",Retrospective conditional validation using realized macro paths.,Stipulated baseline/adverse paths; fixed 2006 scenario portfolio; not out-of-sample realized-path validation,Term-free peak-unemployment sensitivity
layer2_peak,baseline,state_specific,guarantee_share,0,0.0,0.0,89002,Univariate training range; not evidence of joint support,"EAD = GrossApproval, full-disbursement proxy, CCF = 100%; gross charge-off LGD proxy; assumption-based pro-rata guarantee allocation.",Retrospective conditional validation using realized macro paths.,Stipulated baseline/adverse paths; fixed 2006 scenario portfolio; not out-of-sample realized-path validation,Term-free peak-unemployment sensitivity
layer2_peak,baseline,state_specific,log_jobs,0,0.0,0.0,89002,Univariate training range; not evidence of joint support,"EAD = GrossApproval, full-disbursement proxy, CCF = 100%; gross charge-off LGD proxy; assumption-based pro-rata guarantee allocation.",Retrospective conditional validation using realized macro paths.,Stipulated baseline/adverse paths; fixed 2006 scenario portfolio; not out-of-sample realized-path validation,Term-free peak-unemployment sensitivity
layer2_peak,baseline,state_specific,u0,0,0.0,0.0,89002,Univariate training range; not evidence of joint support,"EAD = GrossApproval, full-disbursement proxy, CCF = 100%; gross charge-off LGD proxy; assumption-based pro-rata guarantee allocation.",Retrospective conditional validation using realized macro paths.,Stipulated baseline/adverse paths; fixed 2006 scenario portfolio; not out-of-sample realized-path validation,Term-free peak-unemployment sensitivity
layer2_peak,baseline,state_specific,peak_du,0,0.0,0.0,89002,Univariate training range; not evidence of joint support,"EAD = GrossApproval, full-disbursement proxy, CCF = 100%; gross charge-off LGD proxy; assumption-based pro-rata guarantee allocation.",Retrospective conditional validation using realized macro paths.,Stipulated baseline/adverse paths; fixed 2006 scenario portfolio; not out-of-sample realized-path validation,Term-free peak-unemployment sensitivity
layer2_peak,baseline,state_specific,h0,0,0.0,0.0,89002,Univariate training range; not evidence of joint support,"EAD = GrossApproval, full-disbursement proxy, CCF = 100%; gross charge-off LGD proxy; assumption-based pro-rata guarantee allocation.",Retrospective conditional validation using realized macro paths.,Stipulated baseline/adverse paths; fixed 2006 scenario portfolio; not out-of-sample realized-path validation,Term-free peak-unemployment sensitivity
layer2_peak,baseline,state_specific,dh,0,0.0,0.0,89002,Univariate training range; not evidence of joint support,"EAD = GrossApproval, full-disbursement proxy, CCF = 100%; gross charge-off LGD proxy; assumption-based pro-rata guarantee allocation.",Retrospective conditional validation using realized macro paths.,Stipulated baseline/adverse paths; fixed 2006 scenario portfolio; not out-of-sample realized-path validation,Term-free peak-unemployment sensitivity
layer2_peak,baseline,state_specific,year_trend,0,0.0,0.0,89002,Univariate training range; not evidence of joint support,"EAD = GrossApproval, full-disbursement proxy, CCF = 100%; gross charge-off LGD proxy; assumption-based pro-rata guarantee allocation.",Retrospective conditional validation using realized macro paths.,Stipulated baseline/adverse paths; fixed 2006 scenario portfolio; not out-of-sample realized-path validation,Term-free peak-unemployment sensitivity
layer2_peak,baseline,pooled_global,log_approval,0,0.0,0.0,89002,Univariate training range; not evidence of joint support,"EAD = GrossApproval, full-disbursement proxy, CCF = 100%; gross charge-off LGD proxy; assumption-based pro-rata guarantee allocation.",Retrospective conditional validation using realized macro paths.,Stipulated baseline/adverse paths; fixed 2006 scenario portfolio; not out-of-sample realized-path validation,Term-free peak-unemployment sensitivity
layer2_peak,baseline,pooled_global,guarantee_share,0,0.0,0.0,89002,Univariate training range; not evidence of joint support,"EAD = GrossApproval, full-disbursement proxy, CCF = 100%; gross charge-off LGD proxy; assumption-based pro-rata guarantee allocation.",Retrospective conditional validation using realized macro paths.,Stipulated baseline/adverse paths; fixed 2006 scenario portfolio; not out-of-sample realized-path validation,Term-free peak-unemployment sensitivity
layer2_peak,baseline,pooled_global,log_jobs,0,0.0,0.0,89002,Univariate training range; not evidence of joint support,"EAD = GrossApproval, full-disbursement proxy, CCF = 100%; gross charge-off LGD proxy; assumption-based pro-rata guarantee allocation.",Retrospective conditional validation using realized macro paths.,Stipulated baseline/adverse paths; fixed 2006 scenario portfolio; not out-of-sample realized-path validation,Term-free peak-unemployment sensitivity
layer2_peak,baseline,pooled_global,u0,0,0.0,0.0,89002,Univariate training range; not evidence of joint support,"EAD = GrossApproval, full-disbursement proxy, CCF = 100%; gross charge-off LGD proxy; assumption-based pro-rata guarantee allocation.",Retrospective conditional validation using realized macro paths.,Stipulated baseline/adverse paths; fixed 2006 scenario portfolio; not out-of-sample realized-path validation,Term-free peak-unemployment sensitivity
layer2_peak,baseline,pooled_global,peak_du,0,0.0,0.0,89002,Univariate training range; not evidence of joint support,"EAD = GrossApproval, full-disbursement proxy, CCF = 100%; gross charge-off LGD proxy; assumption-based pro-rata guarantee allocation.",Retrospective conditional validation using realized macro paths.,Stipulated baseline/adverse paths; fixed 2006 scenario portfolio; not out-of-sample realized-path validation,Term-free peak-unemployment sensitivity
layer2_peak,baseline,pooled_global,h0,0,0.0,0.0,89002,Univariate training range; not evidence of joint support,"EAD = GrossApproval, full-disbursement proxy, CCF = 100%; gross charge-off LGD proxy; assumption-based pro-rata guarantee allocation.",Retrospective conditional validation using realized macro paths.,Stipulated baseline/adverse paths; fixed 2006 scenario portfolio; not out-of-sample realized-path validation,Term-free peak-unemployment sensitivity
layer2_peak,baseline,pooled_global,dh,0,0.0,0.0,89002,Univariate training range; not evidence of joint support,"EAD = GrossApproval, full-disbursement proxy, CCF = 100%; gross charge-off LGD proxy; assumption-based pro-rata guarantee allocation.",Retrospective conditional validation using realized macro paths.,Stipulated baseline/adverse paths; fixed 2006 scenario portfolio; not out-of-sample realized-path validation,Term-free peak-unemployment sensitivity
layer2_peak,baseline,pooled_global,year_trend,0,0.0,0.0,89002,Univariate training range; not evidence of joint support,"EAD = GrossApproval, full-disbursement proxy, CCF = 100%; gross charge-off LGD proxy; assumption-based pro-rata guarantee allocation.",Retrospective conditional validation using realized macro paths.,Stipulated baseline/adverse paths; fixed 2006 scenario portfolio; not out-of-sample realized-path validation,Term-free peak-unemployment sensitivity
layer2_peak,adverse,state_specific,log_approval,0,0.0,0.0,89002,Univariate training range; not evidence of joint support,"EAD = GrossApproval, full-disbursement proxy, CCF = 100%; gross charge-off LGD proxy; assumption-based pro-rata guarantee allocation.",Retrospective conditional validation using realized macro paths.,Stipulated baseline/adverse paths; fixed 2006 scenario portfolio; not out-of-sample realized-path validation,Term-free peak-unemployment sensitivity
layer2_peak,adverse,state_specific,guarantee_share,0,0.0,0.0,89002,Univariate training range; not evidence of joint support,"EAD = GrossApproval, full-disbursement proxy, CCF = 100%; gross charge-off LGD proxy; assumption-based pro-rata guarantee allocation.",Retrospective conditional validation using realized macro paths.,Stipulated baseline/adverse paths; fixed 2006 scenario portfolio; not out-of-sample realized-path validation,Term-free peak-unemployment sensitivity
layer2_peak,adverse,state_specific,log_jobs,0,0.0,0.0,89002,Univariate training range; not evidence of joint support,"EAD = GrossApproval, full-disbursement proxy, CCF = 100%; gross charge-off LGD proxy; assumption-based pro-rata guarantee allocation.",Retrospective conditional validation using realized macro paths.,Stipulated baseline/adverse paths; fixed 2006 scenario portfolio; not out-of-sample realized-path validation,Term-free peak-unemployment sensitivity
layer2_peak,adverse,state_specific,u0,0,0.0,0.0,89002,Univariate training range; not evidence of joint support,"EAD = GrossApproval, full-disbursement proxy, CCF = 100%; gross charge-off LGD proxy; assumption-based pro-rata guarantee allocation.",Retrospective conditional validation using realized macro paths.,Stipulated baseline/adverse paths; fixed 2006 scenario portfolio; not out-of-sample realized-path validation,Term-free peak-unemployment sensitivity
layer2_peak,adverse,state_specific,peak_du,0,0.0,0.0,89002,Univariate training range; not evidence of joint support,"EAD = GrossApproval, full-disbursement proxy, CCF = 100%; gross charge-off LGD proxy; assumption-based pro-rata guarantee allocation.",Retrospective conditional validation using realized macro paths.,Stipulated baseline/adverse paths; fixed 2006 scenario portfolio; not out-of-sample realized-path validation,Term-free peak-unemployment sensitivity
layer2_peak,adverse,state_specific,h0,0,0.0,0.0,89002,Univariate training range; not evidence of joint support,"EAD = GrossApproval, full-disbursement proxy, CCF = 100%; gross charge-off LGD proxy; assumption-based pro-rata guarantee allocation.",Retrospective conditional validation using realized macro paths.,Stipulated baseline/adverse paths; fixed 2006 scenario portfolio; not out-of-sample realized-path validation,Term-free peak-unemployment sensitivity
layer2_peak,adverse,state_specific,dh,990,0.0111233455427967,99554858.0,89002,Univariate training range; not evidence of joint support,"EAD = GrossApproval, full-disbursement proxy, CCF = 100%; gross charge-off LGD proxy; assumption-based pro-rata guarantee allocation.",Retrospective conditional validation using realized macro paths.,Stipulated baseline/adverse paths; fixed 2006 scenario portfolio; not out-of-sample realized-path validation,Term-free peak-unemployment sensitivity
layer2_peak,adverse,state_specific,year_trend,0,0.0,0.0,89002,Univariate training range; not evidence of joint support,"EAD = GrossApproval, full-disbursement proxy, CCF = 100%; gross charge-off LGD proxy; assumption-based pro-rata guarantee allocation.",Retrospective conditional validation using realized macro paths.,Stipulated baseline/adverse paths; fixed 2006 scenario portfolio; not out-of-sample realized-path validation,Term-free peak-unemployment sensitivity
layer2_peak,adverse,pooled_global,log_approval,0,0.0,0.0,89002,Univariate training range; not evidence of joint support,"EAD = GrossApproval, full-disbursement proxy, CCF = 100%; gross charge-off LGD proxy; assumption-based pro-rata guarantee allocation.",Retrospective conditional validation using realized macro paths.,Stipulated baseline/adverse paths; fixed 2006 scenario portfolio; not out-of-sample realized-path validation,Term-free peak-unemployment sensitivity
layer2_peak,adverse,pooled_global,guarantee_share,0,0.0,0.0,89002,Univariate training range; not evidence of joint support,"EAD = GrossApproval, full-disbursement proxy, CCF = 100%; gross charge-off LGD proxy; assumption-based pro-rata guarantee allocation.",Retrospective conditional validation using realized macro paths.,Stipulated baseline/adverse paths; fixed 2006 scenario portfolio; not out-of-sample realized-path validation,Term-free peak-unemployment sensitivity
layer2_peak,adverse,pooled_global,log_jobs,0,0.0,0.0,89002,Univariate training range; not evidence of joint support,"EAD = GrossApproval, full-disbursement proxy, CCF = 100%; gross charge-off LGD proxy; assumption-based pro-rata guarantee allocation.",Retrospective conditional validation using realized macro paths.,Stipulated baseline/adverse paths; fixed 2006 scenario portfolio; not out-of-sample realized-path validation,Term-free peak-unemployment sensitivity
layer2_peak,adverse,pooled_global,u0,0,0.0,0.0,89002,Univariate training range; not evidence of joint support,"EAD = GrossApproval, full-disbursement proxy, CCF = 100%; gross charge-off LGD proxy; assumption-based pro-rata guarantee allocation.",Retrospective conditional validation using realized macro paths.,Stipulated baseline/adverse paths; fixed 2006 scenario portfolio; not out-of-sample realized-path validation,Term-free peak-unemployment sensitivity
layer2_peak,adverse,pooled_global,peak_du,0,0.0,0.0,89002,Univariate training range; not evidence of joint support,"EAD = GrossApproval, full-disbursement proxy, CCF = 100%; gross charge-off LGD proxy; assumption-based pro-rata guarantee allocation.",Retrospective conditional validation using realized macro paths.,Stipulated baseline/adverse paths; fixed 2006 scenario portfolio; not out-of-sample realized-path validation,Term-free peak-unemployment sensitivity
layer2_peak,adverse,pooled_global,h0,0,0.0,0.0,89002,Univariate training range; not evidence of joint support,"EAD = GrossApproval, full-disbursement proxy, CCF = 100%; gross charge-off LGD proxy; assumption-based pro-rata guarantee allocation.",Retrospective conditional validation using realized macro paths.,Stipulated baseline/adverse paths; fixed 2006 scenario portfolio; not out-of-sample realized-path validation,Term-free peak-unemployment sensitivity
layer2_peak,adverse,pooled_global,dh,0,0.0,0.0,89002,Univariate training range; not evidence of joint support,"EAD = GrossApproval, full-disbursement proxy, CCF = 100%; gross charge-off LGD proxy; assumption-based pro-rata guarantee allocation.",Retrospective conditional validation using realized macro paths.,Stipulated baseline/adverse paths; fixed 2006 scenario portfolio; not out-of-sample realized-path validation,Term-free peak-unemployment sensitivity
layer2_peak,adverse,pooled_global,year_trend,0,0.0,0.0,89002,Univariate training range; not evidence of joint support,"EAD = GrossApproval, full-disbursement proxy, CCF = 100%; gross charge-off LGD proxy; assumption-based pro-rata guarantee allocation.",Retrospective conditional validation using realized macro paths.,Stipulated baseline/adverse paths; fixed 2006 scenario portfolio; not out-of-sample realized-path validation,Term-free peak-unemployment sensitivity
