scope,group,n,valid_n,date_valid_n,term_valid_n,date_missing_n,date_invalid_n,term_missing_n,term_invalid_n,missing_either_n,invalid_either_n,match_abs_le_3_n,match_abs_le_3_share,charge_off_after_label_window_n,elapsed_month_convention,difference_definition,verdict,metadata_or_original_vintage_verification,difference_min,difference_p01,difference_p05,difference_p25,difference_median,difference_p75,difference_p95,difference_p99,difference_max,difference_mean,difference_sd
overall,all,1368295,1366978,1368295,1366978,0,0,0,1317,0,1317,176336,0.12899695532773753,151175,(event_date - FirstDisbursementDate).days / (365.25 / 12),TermInMonths minus elapsed months,Timing unverifiable.,False,-362.97330595482543,-118.99589322381931,-65.97946611909651,-1.0554414784394197,21.971252566735114,63.958932238193015,217.9958932238193,268.0657084188912,528.9507186858316,37.409398955581636,77.49230772401972
status,CHGOFF,217195,216172,217195,216172,0,0,0,1023,0,1023,10066,0.046564772495975425,151175,(event_date - FirstDisbursementDate).days / (365.25 / 12),TermInMonths minus elapsed months,Timing unverifiable.,False,-323.89322381930185,-121.45379876796716,-83.2042094455852,-29.663244353182748,5.49075975359343,39.16632443531827,100.08829568788501,197.96919917864477,321.9548254620123,7.031448434798346,58.68449339787237
status,PIF,1151100,1150806,1151100,1150806,0,0,0,294,0,294,166270,0.14448134611741684,0,(event_date - FirstDisbursementDate).days / (365.25 / 12),TermInMonths minus elapsed months,Timing unverifiable.,False,-362.97330595482543,-117.0164271047228,-61.01848049281314,-0.026694045174536996,25.01848049281314,69.96303901437372,228.06981519507187,270.5297741273101,528.9507186858316,43.1157146334446,79.24806979426405
approval_year_loan_type_status,1990|term|CHGOFF,517,515,517,515,0,0,0,2,0,2,16,0.031067961165048542,384,(event_date - FirstDisbursementDate).days / (365.25 / 12),TermInMonths minus elapsed months,Timing unverifiable.,False,-209.4640657084189,-96.31018480492813,-55.877207392197114,-3.218685831622178,33.47022587268994,93.69096509240246,214.95708418891164,245.59137577002056,272.3388090349076,52.55303921373178,82.54898852742907
approval_year_loan_type_status,1990|term|PIF,2971,2971,2971,2971,0,0,0,0,0,0,30,0.010097610232245036,0,(event_date - FirstDisbursementDate).days / (365.25 / 12),TermInMonths minus elapsed months,Timing unverifiable.,False,-278.96919917864477,-169.27885010266942,-148.98973305954826,-90.96303901437372,-53.96303901437372,11.983572895277206,126.03696098562628,131.9835728952772,147.03080082135523,-35.715757455540455,84.31423719697601
approval_year_loan_type_status,1991|term|CHGOFF,1950,1946,1950,1946,0,0,0,4,0,4,71,0.03648509763617677,1439,(event_date - FirstDisbursementDate).days / (365.25 / 12),TermInMonths minus elapsed months,Timing unverifiable.,False,-323.89322381930185,-105.87104722792608,-58.86704312114989,-8.222792607802877,28.85523613963039,75.75102669404517,206.03542094455852,246.22936344969196,306.09445585215605,42.947876020099145,78.88927133539289
approval_year_loan_type_status,1991|term|PIF,14684,14681,14684,14681,0,0,0,3,0,3,153,0.010421633403719092,0,(event_date - FirstDisbursementDate).days / (365.25 / 12),TermInMonths minus elapsed months,Timing unverifiable.,False,-354.0390143737166,-162.0164271047228,-140.03901437371664,-87.03901437371664,-48.016427104722794,20.985626283367566,135.00616016427105,140.98562628336757,230.0041067761807,-27.078772979980688,84.99576167423668
approval_year_loan_type_status,1992|revolving|CHGOFF,11,10,11,10,0,0,0,1,0,1,0,0.0,6,(event_date - FirstDisbursementDate).days / (365.25 / 12),TermInMonths minus elapsed months,Timing unverifiable.,False,-71.60574948665298,-70.79815195071869,-67.56776180698152,-40.78850102669404,-29.214579055441476,-22.355236139630392,68.65020533880897,88.77398357289528,93.80492813141683,-18.02546201232033,49.01709160336265
approval_year_loan_type_status,1992|term|CHGOFF,1767,1761,1767,1761,0,0,0,6,0,6,80,0.045428733674048836,1354,(event_date - FirstDisbursementDate).days / (365.25 / 12),TermInMonths minus elapsed months,Timing unverifiable.,False,-259.58316221765915,-127.19383983572895,-74.53593429158111,-16.6694045174538,20.829568788501028,66.17248459958932,201.4804928131417,243.28418891170435,321.9548254620123,33.39459565978356,81.15132128718078
approval_year_loan_type_status,1992|term|PIF,18929,18928,18929,18928,0,0,0,1,0,1,224,0.011834319526627219,0,(event_date - FirstDisbursementDate).days / (365.25 / 12),TermInMonths minus elapsed months,Timing unverifiable.,False,-344.0369609856263,-149.99178644763862,-123.01437371663243,-75.01437371663243,-35.99178644763862,32.977412731006154,147.03080082135523,152.97741273100615,284.98562628336754,-14.549475500806258,83.62364848075534
approval_year_loan_type_status,1993|revolving|CHGOFF,1,1,1,1,0,0,0,0,0,0,0,0.0,1,(event_date - FirstDisbursementDate).days / (365.25 / 12),TermInMonths minus elapsed months,Timing unverifiable.,False,-36.3305954825462,-36.3305954825462,-36.3305954825462,-36.3305954825462,-36.3305954825462,-36.3305954825462,-36.3305954825462,-36.3305954825462,-36.3305954825462,-36.3305954825462,
approval_year_loan_type_status,1993|term|CHGOFF,2049,2038,2049,2038,0,0,0,11,0,11,89,0.0436702649656526,1539,(event_date - FirstDisbursementDate).days / (365.25 / 12),TermInMonths minus elapsed months,Timing unverifiable.,False,-292.0,-155.55854209445585,-87.00410677618069,-26.554928131416837,12.745379876796715,53.34394250513347,166.72268993839822,235.49328542094452,289.66324435318273,19.872664749633756,76.33868996882828
approval_year_loan_type_status,1993|term|PIF,22239,22235,22239,22235,0,0,0,4,0,4,323,0.014526647177872724,0,(event_date - FirstDisbursementDate).days / (365.25 / 12),TermInMonths minus elapsed months,Timing unverifiable.,False,-356.01026694045174,-135.97741273100615,-108.95585215605749,-63.022587268993846,-21.99589322381931,47.99178644763862,159.02258726899385,166.97330595482546,287.02258726899385,-0.7677339636485166,84.12214949677565
approval_year_loan_type_status,1994|revolving|CHGOFF,5,5,5,5,0,0,0,0,0,0,0,0.0,5,(event_date - FirstDisbursementDate).days / (365.25 / 12),TermInMonths minus elapsed months,Timing unverifiable.,False,-98.03490759753595,-96.46505133470227,-90.18562628336757,-58.78850102669405,-41.23613963039014,-40.100616016427104,68.90308008213549,90.70381930184803,96.15400410677617,-28.401232032854217,73.4640255124622
approval_year_loan_type_status,1994|term|CHGOFF,4166,4147,4166,4147,0,0,0,19,0,19,205,0.04943332529539426,2796,(event_date - FirstDisbursementDate).days / (365.25 / 12),TermInMonths minus elapsed months,Timing unverifiable.,False,-275.7043121149897,-146.2793839835729,-84.22956878850103,-26.817248459958932,8.691991786447637,40.974332648870636,141.37638603696095,219.86726899383982,297.8993839835729,11.5048066710603,67.0023255290053
approval_year_loan_type_status,1994|term|PIF,33232,33226,33232,33226,0,0,0,6,0,6,589,0.01772708120146873,0,(event_date - FirstDisbursementDate).days / (365.25 / 12),TermInMonths minus elapsed months,Timing unverifiable.,False,-362.97330595482543,-123.03080082135523,-92.98562628336757,-60.016427104722794,-38.96303901437372,49.99589322381931,170.97843942505133,176.9609856262834,326.006160164271,-2.2266564456646907,80.15728570693145
approval_year_loan_type_status,1995|revolving|CHGOFF,20,19,20,19,0,0,0,1,0,1,0,0.0,15,(event_date - FirstDisbursementDate).days / (365.25 / 12),TermInMonths minus elapsed months,Timing unverifiable.,False,-133.70225872689937,-132.5742094455852,-128.06201232032853,-84.60985626283367,-26.79260780287474,-6.387063655030801,80.06570841889105,117.70677618069816,127.11704312114989,-32.59299686588133,69.79517729010365
approval_year_loan_type_status,1995|revolving|PIF,2,2,2,2,0,0,0,0,0,0,0,0.0,0,(event_date - FirstDisbursementDate).days / (365.25 / 12),TermInMonths minus elapsed months,Timing unverifiable.,False,-17.99383983572895,-17.673901437371658,-16.394147843942502,-9.995379876796711,-1.9969199178644743,6.001540041067763,12.400308008213552,13.680061601642711,14.0,-1.9969199178644743,22.623061104040236
approval_year_loan_type_status,1995|term|CHGOFF,5581,5564,5581,5564,0,0,0,17,0,17,247,0.04439252336448598,3573,(event_date - FirstDisbursementDate).days / (365.25 / 12),TermInMonths minus elapsed months,Timing unverifiable.,False,-291.18275154004107,-130.2711704312115,-79.95308008213553,-24.256673511293634,10.431211498973308,41.14271047227926,121.1821355236139,215.27129363449683,282.93839835728954,11.97776997034323,62.194092564688475
approval_year_loan_type_status,1995|term|PIF,37040,37033,37040,37033,0,0,0,7,0,7,2121,0.0572732427834634,0,(event_date - FirstDisbursementDate).days / (365.25 / 12),TermInMonths minus elapsed months,Timing unverifiable.,False,-329.4558521560575,-110.44303901437371,-81.03901437371663,-53.97125256673512,-30.989733059548257,8.032854209445588,179.9835728952772,188.9723203285421,390.98357289527723,-2.6370535497198753,74.7542129824577
approval_year_loan_type_status,1996|revolving|CHGOFF,68,67,68,67,0,0,0,1,0,1,2,0.029850746268656716,48,(event_date - FirstDisbursementDate).days / (365.25 / 12),TermInMonths minus elapsed months,Timing unverifiable.,False,-261.0636550308008,-164.7429568788501,-72.25420944558522,-53.00924024640657,-28.145790554414788,-4.17659137577002,37.764887063655024,66.87375770020549,96.45585215605749,-27.062521070213617,47.64104256345565
approval_year_loan_type_status,1996|revolving|PIF,10,10,10,10,0,0,0,0,0,0,2,0.2,0,(event_date - FirstDisbursementDate).days / (365.25 / 12),TermInMonths minus elapsed months,Timing unverifiable.,False,-314.01026694045174,-300.5076796714579,-246.49733059548254,-58.98151950718685,-42.51334702258727,-2.277720739219717,6.290143737166313,8.453100616016425,8.993839835728949,-67.20554414784395,100.37731737135212
approval_year_loan_type_status,1996|term|CHGOFF,5004,4976,5004,4976,0,0,0,28,0,28,214,0.0430064308681672,3244,(event_date - FirstDisbursementDate).days / (365.25 / 12),TermInMonths minus elapsed months,Timing unverifiable.,False,-236.43531827515403,-139.1160164271047,-90.40862422997947,-25.82186858316221,10.225872689938397,43.621149897330596,135.53234086242298,222.39681724845997,285.73305954825463,12.141556679453576,66.37660351011115
approval_year_loan_type_status,1996|term|PIF,34466,34463,34466,34463,0,0,0,3,0,3,873,0.025331514958070976,0,(event_date - FirstDisbursementDate).days / (365.25 / 12),TermInMonths minus elapsed months,Timing unverifiable.,False,-325.04106776180697,-99.01437371663245,-71.9917864476386,-38.0,-15.94250513347022,36.0082135523614,195.03080082135523,201.9958932238193,330.98973305954826,15.350076482941766,79.36976996438086
approval_year_loan_type_status,1997|revolving|CHGOFF,207,199,207,199,0,0,0,8,0,8,11,0.05527638190954774,132,(event_date - FirstDisbursementDate).days / (365.25 / 12),TermInMonths minus elapsed months,Timing unverifiable.,False,-128.17864476386038,-113.40012320328543,-88.82156057494866,-47.65092402464066,-19.88501026694045,5.837782340862422,40.706776180698135,113.51301848049327,289.2792607802875,-18.75190118972687,46.971174488471064
approval_year_loan_type_status,1997|revolving|PIF,34,34,34,34,0,0,0,0,0,0,2,0.058823529411764705,0,(event_date - FirstDisbursementDate).days / (365.25 / 12),TermInMonths minus elapsed months,Timing unverifiable.,False,-187.9835728952772,-178.74221765913757,-141.78213552361396,-58.01232032854209,-40.94866529774127,-4.270533880903489,51.74917864476364,132.7340246406571,138.9958932238193,-36.12803478681,62.43766295755137
approval_year_loan_type_status,1997|term|CHGOFF,4564,4541,4564,4541,0,0,0,23,0,23,169,0.037216472142699845,3224,(event_date - FirstDisbursementDate).days / (365.25 / 12),TermInMonths minus elapsed months,Timing unverifiable.,False,-267.25462012320327,-155.1141683778234,-95.53798767967146,-31.244353182751553,9.917864476386036,47.714579055441476,150.41273100616016,222.28870636550334,296.76386036960986,12.098498417566256,71.25953431885702
approval_year_loan_type_status,1997|term|PIF,32617,32615,32617,32615,0,0,0,2,0,2,1744,0.05347232868312126,0,(event_date - FirstDisbursementDate).days / (365.25 / 12),TermInMonths minus elapsed months,Timing unverifiable.,False,-304.9281314168378,-87.02258726899385,-65.04312114989733,-25.01848049281314,-2.9774127310061544,69.06057494866529,206.0041067761807,213.9876796714579,272.0492813141684,30.313074097939968,83.04085932047505
approval_year_loan_type_status,1998|revolving|CHGOFF,332,328,332,328,0,0,0,4,0,4,18,0.054878048780487805,206,(event_date - FirstDisbursementDate).days / (365.25 / 12),TermInMonths minus elapsed months,Timing unverifiable.,False,-192.97741273100615,-159.0947022587269,-83.99589322381931,-43.00359342915811,-15.045174537987677,15.227412731006162,47.23141683778229,52.91266940451745,58.51129363449692,-17.14875795061852,43.221272366458514
approval_year_loan_type_status,1998|revolving|PIF,134,134,134,134,0,0,0,0,0,0,11,0.08208955223880597,0,(event_date - FirstDisbursementDate).days / (365.25 / 12),TermInMonths minus elapsed months,Timing unverifiable.,False,-273.9630390143737,-223.10620123203284,-159.88613963039012,-56.987166324435314,-27.983572895277206,-10.254620123203281,15.51899383983567,49.66995893223806,143.01437371663246,-39.59696895399797,55.650336891699936
approval_year_loan_type_status,1998|term|CHGOFF,4412,4391,4412,4391,0,0,0,21,0,21,171,0.03894329309952175,3217,(event_date - FirstDisbursementDate).days / (365.25 / 12),TermInMonths minus elapsed months,Timing unverifiable.,False,-284.14373716632446,-157.43634496919918,-93.57084188911705,-32.32032854209446,9.880903490759753,49.1611909650924,160.11498973305956,227.5067761806986,300.476386036961,13.458278249752036,74.55657243814359
approval_year_loan_type_status,1998|term|PIF,29870,29867,29870,29867,0,0,0,3,0,3,4120,0.13794488900793517,0,(event_date - FirstDisbursementDate).days / (365.25 / 12),TermInMonths minus elapsed months,Timing unverifiable.,False,-325.03080082135523,-77.00620123203285,-52.02464065708419,-11.032854209445588,6.03696098562628,75.03080082135524,216.97741273100615,224.04106776180697,308.01437371663246,40.67431781239058,82.22226181868459
approval_year_loan_type_status,1999|revolving|CHGOFF,389,378,389,378,0,0,0,11,0,11,15,0.03968253968253968,270,(event_date - FirstDisbursementDate).days / (365.25 / 12),TermInMonths minus elapsed months,Timing unverifiable.,False,-209.564681724846,-128.32833675564683,-87.8488706365503,-54.252053388090346,-29.95790554414784,-11.471252566735112,22.97741273100616,41.641930184805055,55.10677618069815,-32.33788012124768,36.14799262332662
approval_year_loan_type_status,1999|revolving|PIF,400,400,400,400,0,0,0,0,0,0,67,0.1675,0,(event_date - FirstDisbursementDate).days / (365.25 / 12),TermInMonths minus elapsed months,Timing unverifiable.,False,-291.0451745379877,-182.24854209445584,-100.09712525667351,-39.21149897330595,-18.987679671457904,-4.729466119096511,4.97874743326488,25.034065708418858,65.01848049281314,-27.950805954825466,38.13442344992146
approval_year_loan_type_status,1999|term|CHGOFF,4906,4886,4906,4886,0,0,0,20,0,20,206,0.042161277118297175,3627,(event_date - FirstDisbursementDate).days / (365.25 / 12),TermInMonths minus elapsed months,Timing unverifiable.,False,-301.9158110882957,-156.55862422997947,-93.19866529774127,-34.21765913757701,9.893223819301848,51.690451745379875,167.42915811088295,230.433983572895,288.79671457905545,14.629879108142024,75.75953171610037
approval_year_loan_type_status,1999|term|PIF,30982,30979,30982,30979,0,0,0,3,0,3,2556,0.08250750508408922,0,(event_date - FirstDisbursementDate).days / (365.25 / 12),TermInMonths minus elapsed months,Timing unverifiable.,False,-308.0574948665298,-65.99589322381931,-46.997946611909654,-4.9856262833675515,15.991786447638603,89.02669404517454,229.00205338809036,236.0328542094456,301.0390143737166,50.33494392737268,84.73765447259971
approval_year_loan_type_status,2000|revolving|CHGOFF,670,659,670,659,0,0,0,11,0,11,25,0.03793626707132018,479,(event_date - FirstDisbursementDate).days / (365.25 / 12),TermInMonths minus elapsed months,Timing unverifiable.,False,-199.34496919917865,-124.33014373716631,-90.79383983572895,-48.878850102669404,-31.09856262833675,-10.587268993839835,28.959753593429163,58.16788501026692,100.8583162217659,-31.23075221307874,36.3926706203477
approval_year_loan_type_status,2000|revolving|PIF,945,945,945,945,0,0,0,0,0,0,226,0.23915343915343915,0,(event_date - FirstDisbursementDate).days / (365.25 / 12),TermInMonths minus elapsed months,Timing unverifiable.,False,-285.01437371663246,-176.3793018480493,-63.79260780287475,-22.965092402464066,-10.995893223819309,0.024640657084191275,21.795893223819263,58.98151950718686,119.04106776180699,-14.82616385819671,35.89441528386697
approval_year_loan_type_status,2000|term|CHGOFF,4769,4758,4769,4758,0,0,0,11,0,11,159,0.033417402269861285,3514,(event_date - FirstDisbursementDate).days / (365.25 / 12),TermInMonths minus elapsed months,Timing unverifiable.,False,-226.94455852156057,-159.57250513347023,-102.55800821355236,-36.69712525667351,5.179671457905549,47.727926078028744,155.75410677618058,236.36371663244364,286.0595482546201,9.629078184974102,74.69416873299161
approval_year_loan_type_status,2000|term|PIF,29920,29912,29920,29912,0,0,0,8,0,8,3754,0.12550147098154588,0,(event_date - FirstDisbursementDate).days / (365.25 / 12),TermInMonths minus elapsed months,Timing unverifiable.,False,-291.0082135523614,-61.99864476386037,-39.02258726899384,0.008213552361397092,24.008213552361397,68.05749486652977,238.0041067761807,247.03901437371664,304.01642710472277,52.57887585926246,83.25405796691769
approval_year_loan_type_status,2001|revolving|CHGOFF,877,863,877,863,0,0,0,14,0,14,35,0.04055619930475087,625,(event_date - FirstDisbursementDate).days / (365.25 / 12),TermInMonths minus elapsed months,Timing unverifiable.,False,-167.33675564681724,-108.52197125256673,-89.48049281314168,-50.89425051334702,-29.188911704312112,-5.17453798767967,33.06570841889113,57.540533880903475,126.24024640657085,-28.6276586379113,37.30424300945478
approval_year_loan_type_status,2001|revolving|PIF,2415,2413,2415,2413,0,0,0,2,0,2,492,0.20389556568586822,0,(event_date - FirstDisbursementDate).days / (365.25 / 12),TermInMonths minus elapsed months,Timing unverifiable.,False,-281.97741273100615,-133.7471868583162,-49.02669404517454,-17.059548254620125,-7.0,2.0123203285420956,25.026694045174537,48.919917864476496,171.20328542094455,-9.408134071860923,29.83257717633467
approval_year_loan_type_status,2001|term|CHGOFF,4479,4464,4479,4464,0,0,0,15,0,15,174,0.038978494623655914,3728,(event_date - FirstDisbursementDate).days / (365.25 / 12),TermInMonths minus elapsed months,Timing unverifiable.,False,-201.21765913757702,-156.82215605749488,-107.67967145790554,-40.412217659137575,-1.991786447638603,37.17607802874743,131.74938398357276,213.45780287474327,275.7946611909651,1.6026303055058764,70.44610707977563
approval_year_loan_type_status,2001|term|PIF,29689,29681,29689,29681,0,0,0,8,0,8,3517,0.11849331221993868,0,(event_date - FirstDisbursementDate).days / (365.25 / 12),TermInMonths minus elapsed months,Timing unverifiable.,False,-280.97330595482543,-60.02669404517454,-25.01848049281314,3.0225872689938384,33.96303901437371,76.0164271047228,245.9548254620123,258.0123203285421,473.9733059548255,57.34725918938041,80.80308046037119
approval_year_loan_type_status,2002|revolving|CHGOFF,1553,1530,1553,1530,0,0,0,23,0,23,74,0.048366013071895426,1186,(event_date - FirstDisbursementDate).days / (365.25 / 12),TermInMonths minus elapsed months,Timing unverifiable.,False,-184.83162217659137,-115.2412114989733,-88.72320328542095,-61.484086242299796,-28.866529774127308,-0.15657084188911874,36.199281314168374,56.820780287474335,70.37782340862422,-30.627237589080803,40.99530842808759
approval_year_loan_type_status,2002|revolving|PIF,6097,6094,6097,6094,0,0,0,3,0,3,1151,0.18887430259271415,0,(event_date - FirstDisbursementDate).days / (365.25 / 12),TermInMonths minus elapsed months,Timing unverifiable.,False,-286.0,-174.15102669404519,-37.002053388090346,-17.026694045174537,-0.04106776180698546,17.010266940451743,60.0,84.0,107.95482546201232,-0.06988528117669167,38.12231943894328
approval_year_loan_type_status,2002|term|CHGOFF,4990,4949,4990,4949,0,0,0,41,0,41,230,0.0464740351586179,4462,(event_date - FirstDisbursementDate).days / (365.25 / 12),TermInMonths minus elapsed months,Timing unverifiable.,False,-240.72073921971253,-150.3948254620123,-112.11540041067761,-47.579055441478445,-3.4969199178644743,33.092402464065714,102.82956878850091,179.34948665297685,305.5215605749487,-4.96552307872953,65.17341686893388
approval_year_loan_type_status,2002|term|PIF,34418,34413,34418,34413,0,0,0,5,0,5,4570,0.13279865167233312,0,(event_date - FirstDisbursementDate).days / (365.25 / 12),TermInMonths minus elapsed months,Timing unverifiable.,False,-282.9815195071869,-85.06291581108829,-17.026694045174537,5.0184804928131435,42.965092402464066,85.99589322381931,254.95687885010267,267.01437371663246,528.9507186858316,64.99195692187142,84.26616105888853
approval_year_loan_type_status,2003|revolving|CHGOFF,2881,2838,2881,2838,0,0,0,43,0,43,121,0.04263565891472868,2000,(event_date - FirstDisbursementDate).days / (365.25 / 12),TermInMonths minus elapsed months,Timing unverifiable.,False,-223.87679671457903,-102.11260780287475,-84.24640657084188,-57.88501026694045,-23.13347022587269,11.523613963039013,43.35893223819302,60.688213552361404,100.65913757700206,-22.655929429435947,42.28844883753864
approval_year_loan_type_status,2003|revolving|PIF,12861,12854,12861,12854,0,0,0,7,0,7,1973,0.1534930760852653,0,(event_date - FirstDisbursementDate).days / (365.25 / 12),TermInMonths minus elapsed months,Timing unverifiable.,False,-270.0082135523614,-141.49852156057494,-23.006160164271044,-10.98151950718686,3.9671457905544116,36.0,52.98562628336755,84.0,282.0041067761807,9.65710958868659,36.69544704542888
approval_year_loan_type_status,2003|term|CHGOFF,7313,7264,7313,7264,0,0,0,49,0,49,271,0.03730726872246696,5741,(event_date - FirstDisbursementDate).days / (365.25 / 12),TermInMonths minus elapsed months,Timing unverifiable.,False,-244.97946611909651,-139.8882546201232,-104.35462012320328,-50.935318275154,-8.882956878850102,29.33983572895277,81.54948665297721,166.0952361396303,287.25256673511296,-8.780162529737945,60.14441979324167
approval_year_loan_type_status,2003|term|PIF,39382,39364,39382,39364,0,0,0,18,0,18,5182,0.13164312569860787,0,(event_date - FirstDisbursementDate).days / (365.25 / 12),TermInMonths minus elapsed months,Timing unverifiable.,False,-267.0082135523614,-123.98151950718685,-14.02053388090349,3.9876796714579115,43.98049281314168,80.05133470225873,256.0082135523614,274.96509240246405,328.0,60.455138394518,81.81242790705407
approval_year_loan_type_status,2004|revolving|CHGOFF,4235,4209,4235,4209,0,0,0,26,0,26,204,0.048467569493941556,3285,(event_date - FirstDisbursementDate).days / (365.25 / 12),TermInMonths minus elapsed months,Timing unverifiable.,False,-186.4229979466119,-102.95285420944559,-83.75195071868583,-54.587268993839835,-27.74537987679672,2.2710472279260756,44.93264887063654,56.6887885010267,81.06160164271047,-24.79792348751063,39.4645426436434
approval_year_loan_type_status,2004|revolving|PIF,18220,18213,18220,18213,0,0,0,7,0,7,2445,0.1342447702190743,0,(event_date - FirstDisbursementDate).days / (365.25 / 12),TermInMonths minus elapsed months,Timing unverifiable.,False,-261.98357289527723,-141.99950718685832,-18.02422997946612,-2.9979466119096543,14.973305954825463,48.02464065708419,72.0082135523614,84.0,269.98973305954826,17.830131037795844,39.31846491383206
approval_year_loan_type_status,2004|term|CHGOFF,10351,10305,10351,10305,0,0,0,46,0,46,482,0.0467734109655507,8004,(event_date - FirstDisbursementDate).days / (365.25 / 12),TermInMonths minus elapsed months,Timing unverifiable.,False,-230.37371663244352,-125.15055441478441,-89.07186858316221,-42.0082135523614,-4.9774127310061616,33.40041067761807,93.51498973305938,174.5061190965092,266.49897330595485,-2.9326978889257522,58.256277341684516
approval_year_loan_type_status,2004|term|PIF,40885,40876,40885,40876,0,0,0,9,0,9,7427,0.1816958606517272,0,(event_date - FirstDisbursementDate).days / (365.25 / 12),TermInMonths minus elapsed months,Timing unverifiable.,False,-255.0,-142.94917864476386,-17.930184804928132,1.9794661190965073,36.0,77.03490759753593,254.98973305954826,279.0200205338809,356.94455852156057,54.758573131379656,80.9238028621359
approval_year_loan_type_status,2005|revolving|CHGOFF,6616,6573,6616,6573,0,0,0,43,0,43,362,0.055073786703179674,5013,(event_date - FirstDisbursementDate).days / (365.25 / 12),TermInMonths minus elapsed months,Timing unverifiable.,False,-160.1581108829569,-98.61379876796715,-82.06611909650924,-44.0,-20.2258726899384,5.147843942505133,42.709650924024615,59.01848049281313,203.6447638603696,-19.21776066673102,36.52149171788581
approval_year_loan_type_status,2005|revolving|PIF,20456,20446,20456,20446,0,0,0,10,0,10,3743,0.18306759268316541,0,(event_date - FirstDisbursementDate).days / (365.25 / 12),TermInMonths minus elapsed months,Timing unverifiable.,False,-250.99178644763862,-156.9798767967146,-22.008726899383984,-0.9815195071868601,11.983572895277206,47.9917864476386,75.95071868583162,84.0,178.0287474332649,17.94890050437864,41.68942481794814
approval_year_loan_type_status,2005|term|CHGOFF,14808,14749,14808,14749,0,0,0,59,0,59,648,0.043935182046240424,11197,(event_date - FirstDisbursementDate).days / (365.25 / 12),TermInMonths minus elapsed months,Timing unverifiable.,False,-217.31622176591375,-117.41445585215605,-83.74825462012319,-35.05749486652977,-3.4845995893223787,31.71252566735113,101.22381930184778,184.1367556468173,253.71252566735114,0.7024593460761552,56.596379121322705
approval_year_loan_type_status,2005|term|PIF,38970,38948,38970,38948,0,0,0,22,0,22,7919,0.20332237855602342,0,(event_date - FirstDisbursementDate).days / (365.25 / 12),TermInMonths minus elapsed months,Timing unverifiable.,False,-250.9958932238193,-163.98260780287472,-45.981416837782334,0.016427104722794184,22.069815195071868,68.98562628336755,208.0328542094456,278.0205338809035,330.95687885010267,41.286208178587614,75.61529470211002
approval_year_loan_type_status,2006|revolving|CHGOFF,12316,12255,12316,12255,0,0,0,61,0,61,875,0.07139942880456956,8567,(event_date - FirstDisbursementDate).days / (365.25 / 12),TermInMonths minus elapsed months,Timing unverifiable.,False,-160.04106776180697,-87.70427104722792,-70.64435318275154,-28.38193018480493,-5.6119096509240265,19.07186858316222,49.19301848049281,61.7887885010265,93.04106776180697,-6.1016592146523605,35.14424939468168
approval_year_loan_type_status,2006|revolving|PIF,24766,24746,24766,24746,0,0,0,20,0,20,4497,0.1817263396104421,0,(event_date - FirstDisbursementDate).days / (365.25 / 12),TermInMonths minus elapsed months,Timing unverifiable.,False,-230.9958932238193,-166.00266940451746,-73.0205338809035,-1.026694045174537,11.983572895277206,47.9917864476386,76.0164271047228,84.0,302.0,14.895192818170184,45.81755091624047
approval_year_loan_type_status,2006|term|CHGOFF,17173,17120,17173,17120,0,0,0,53,0,53,925,0.0540303738317757,12177,(event_date - FirstDisbursementDate).days / (365.25 / 12),TermInMonths minus elapsed months,Timing unverifiable.,False,-219.3388090349076,-110.92778234086244,-71.68798767967145,-20.43839835728953,9.938398357289525,42.41067761806981,120.3558521560575,194.4587885010267,271.34086242299793,13.259530983131514,56.30506375485683
approval_year_loan_type_status,2006|term|PIF,32811,32779,32811,32779,0,0,0,32,0,32,7416,0.22624241129991762,0,(event_date - FirstDisbursementDate).days / (365.25 / 12),TermInMonths minus elapsed months,Timing unverifiable.,False,-234.04312114989733,-155.00911704312114,-58.98008213552362,0.0,16.94455852156058,59.02258726899384,170.9486652977413,267.99519507186864,323.0390143737166,33.53850085442469,68.28295606042126
approval_year_loan_type_status,2007|revolving|CHGOFF,12866,12809,12866,12809,0,0,0,57,0,57,868,0.06776485283784839,6838,(event_date - FirstDisbursementDate).days / (365.25 / 12),TermInMonths minus elapsed months,Timing unverifiable.,False,-152.92197125256675,-85.48854209445585,-62.8258726899384,-16.365503080082135,7.837782340862425,28.548254620123203,55.873921971252514,64.65092402464066,143.9753593429158,3.962351612692757,34.902971872670555
approval_year_loan_type_status,2007|revolving|PIF,21615,21604,21615,21604,0,0,0,11,0,11,4806,0.22245880392519904,0,(event_date - FirstDisbursementDate).days / (365.25 / 12),TermInMonths minus elapsed months,Timing unverifiable.,False,-224.0123203285421,-159.9978234086242,-84.02453798767966,-0.9938398357289486,9.059548254620125,41.946611909650926,73.97946611909651,84.0,157.03490759753595,12.289652041773389,44.87714640225006
approval_year_loan_type_status,2007|term|CHGOFF,18705,18659,18705,18659,0,0,0,46,0,46,841,0.045072083177019134,10805,(event_date - FirstDisbursementDate).days / (365.25 / 12),TermInMonths minus elapsed months,Timing unverifiable.,False,-204.89527720739218,-103.43129363449691,-66.09383983572894,-8.248459958932237,23.412731006160165,48.27310061601643,104.96365503080075,188.71388090349015,273.50513347022587,21.404075720597916,52.93799230661099
approval_year_loan_type_status,2007|term|PIF,31139,31121,31139,31121,0,0,0,18,0,18,7840,0.25191992545226694,0,(event_date - FirstDisbursementDate).days / (365.25 / 12),TermInMonths minus elapsed months,Timing unverifiable.,False,-217.06160164271049,-144.7889117043121,-61.00410677618069,-0.008213552361397092,13.97125256673511,51.00616016427105,154.98151950718685,232.00492813141682,298.9815195071869,28.36791382011803,62.15627349621166
approval_year_loan_type_status,2008|revolving|CHGOFF,4438,4416,4438,4416,0,0,0,22,0,22,231,0.052309782608695655,2048,(event_date - FirstDisbursementDate).days / (365.25 / 12),TermInMonths minus elapsed months,Timing unverifiable.,False,-140.3100616016427,-85.90985626283367,-66.07392197125257,-21.73716632443532,9.147843942505133,32.625256673511295,51.628336755646814,62.55698151950719,76.95482546201232,3.0133126134571318,36.536323009159965
approval_year_loan_type_status,2008|revolving|PIF,12527,12523,12527,12523,0,0,0,4,0,4,3054,0.2438712768505949,0,(event_date - FirstDisbursementDate).days / (365.25 / 12),TermInMonths minus elapsed months,Timing unverifiable.,False,-207.95687885010267,-143.99088295687886,-43.997946611909654,-0.9281314168377861,8.057494866529774,36.969199178644764,67.96714579055441,82.98151950718686,144.0246406570842,12.663313876184453,38.07906508249479
approval_year_loan_type_status,2008|term|CHGOFF,8856,8826,8856,8826,0,0,0,30,0,30,312,0.03535010197144799,5564,(event_date - FirstDisbursementDate).days / (365.25 / 12),TermInMonths minus elapsed months,Timing unverifiable.,False,-202.54004106776182,-117.80441478439425,-74.95071868583162,-12.462012320328546,25.12936344969199,56.74127310061601,144.008726899384,204.5451745379877,271.1478439425051,24.733112592950363,61.95422730290427
approval_year_loan_type_status,2008|term|PIF,24002,23986,24002,23986,0,0,0,16,0,16,5858,0.24422579838238972,0,(event_date - FirstDisbursementDate).days / (365.25 / 12),TermInMonths minus elapsed months,Timing unverifiable.,False,-209.98973305954826,-116.98767967145791,-25.99589322381931,0.024640657084191275,17.04312114989733,56.07392197125257,190.0041067761807,244.19825462012452,310.06160164271046,37.46048901558079,65.75237978459073
approval_year_loan_type_status,2009|revolving|CHGOFF,861,852,861,852,0,0,0,9,0,9,45,0.0528169014084507,504,(event_date - FirstDisbursementDate).days / (365.25 / 12),TermInMonths minus elapsed months,Timing unverifiable.,False,-180.16016427104722,-105.54248459958933,-85.68367556468172,-42.29414784394251,-9.168377823408623,25.308008213552363,52.28860369609851,62.421006160164275,70.57494866529774,-10.896094224484484,43.59363591838352
approval_year_loan_type_status,2009|revolving|PIF,8614,8613,8614,8613,0,0,0,1,0,1,1915,0.22233832578660165,0,(event_date - FirstDisbursementDate).days / (365.25 / 12),TermInMonths minus elapsed months,Timing unverifiable.,False,-193.93018480492813,-85.55564681724846,-17.987268993839834,-0.9774127310061598,12.016427104722794,39.05544147843943,66.02874743326488,77.92197125256673,133.81519507186857,17.00035140996693,30.744034358478835
approval_year_loan_type_status,2009|term|CHGOFF,4082,4059,4082,4059,0,0,0,23,0,23,125,0.030795762503079575,2684,(event_date - FirstDisbursementDate).days / (365.25 / 12),TermInMonths minus elapsed months,Timing unverifiable.,False,-192.2094455852156,-121.31034907597535,-83.3753593429158,-20.2741273100616,23.521560574948666,65.17248459958932,148.39383983572887,212.81039014373718,273.3634496919918,23.924889198490643,67.47224286070166
approval_year_loan_type_status,2009|term|PIF,24675,24671,24675,24671,0,0,0,4,0,4,5613,0.2275140853633821,0,(event_date - FirstDisbursementDate).days / (365.25 / 12),TermInMonths minus elapsed months,Timing unverifiable.,False,-190.9835728952772,-80.04496919917864,-5.034907597535934,1.0102669404517428,26.012320328542096,72.52566735112936,219.9835728952772,261.00205338809036,298.9486652977413,51.18948749527353,72.33526341296528
approval_year_loan_type_status,2010|revolving|CHGOFF,693,685,693,685,0,0,0,8,0,8,31,0.04525547445255475,478,(event_date - FirstDisbursementDate).days / (365.25 / 12),TermInMonths minus elapsed months,Timing unverifiable.,False,-159.91170431211498,-98.65133470225872,-85.36509240246407,-48.361396303901444,-14.80698151950719,16.700205338809035,50.87638603696097,64.76394250513346,67.03080082135523,-16.38304830707894,42.5488876285269
approval_year_loan_type_status,2010|revolving|PIF,10683,10681,10683,10681,0,0,0,2,0,2,2292,0.21458664919015075,0,(event_date - FirstDisbursementDate).days / (365.25 / 12),TermInMonths minus elapsed months,Timing unverifiable.,False,-185.92607802874744,-65.04804928131416,-17.913757700205338,-0.43531827515400323,19.063655030800824,46.02053388090349,70.03696098562628,78.05995893223822,159.40041067761808,21.7072602196958,30.449109366359995
approval_year_loan_type_status,2010|term|CHGOFF,2867,2859,2867,2859,0,0,0,8,0,8,129,0.04512067156348373,2192,(event_date - FirstDisbursementDate).days / (365.25 / 12),TermInMonths minus elapsed months,Timing unverifiable.,False,-182.73921971252568,-127.16685831622178,-89.89383983572895,-28.695071868583163,12.104722792607802,57.371663244353186,153.33449691991785,211.51347022587274,273.16427104722794,16.948352154261947,70.48574543027212
approval_year_loan_type_status,2010|term|PIF,29769,29764,29769,29764,0,0,0,5,0,5,6013,0.2020225776105362,0,(event_date - FirstDisbursementDate).days / (365.25 / 12),TermInMonths minus elapsed months,Timing unverifiable.,False,-182.9835728952772,-59.95336755646817,-2.683367556468171,3.0390143737166255,35.256673511293634,89.05133470225873,240.04106776180697,267.04722792607805,305.06776180698154,62.721319072114746,79.03960881672201
approval_year_loan_type_status,2011|revolving|CHGOFF,830,819,830,819,0,0,0,11,0,11,29,0.03540903540903541,542,(event_date - FirstDisbursementDate).days / (365.25 / 12),TermInMonths minus elapsed months,Timing unverifiable.,False,-170.63860369609856,-114.12726899383983,-84.25728952772074,-49.09445585215605,-12.402464065708422,22.344969199178646,50.29158110882957,62.80065708418888,101.23613963039014,-15.000358528079268,43.7829865596795
approval_year_loan_type_status,2011|revolving|PIF,11643,11642,11643,11642,0,0,0,1,0,1,2740,0.23535475004294795,0,(event_date - FirstDisbursementDate).days / (365.25 / 12),TermInMonths minus elapsed months,Timing unverifiable.,False,-173.96098562628336,-67.41328542094456,-17.930184804928132,-0.48459958932238223,17.006160164271044,46.70225872689938,70.00410677618069,78.0070636550308,91.97535934291581,21.481267110832515,30.53657784010276
approval_year_loan_type_status,2011|term|CHGOFF,1772,1756,1772,1756,0,0,0,16,0,16,77,0.043849658314350795,1433,(event_date - FirstDisbursementDate).days / (365.25 / 12),TermInMonths minus elapsed months,Timing unverifiable.,False,-167.69199178644763,-138.18644763860368,-98.95739219712526,-36.725359342915816,6.289527720739223,45.435318275154,149.53901437371664,224.82535934291582,249.53388090349077,7.909459149738298,70.37424119982384
approval_year_loan_type_status,2011|term|PIF,22941,22936,22941,22936,0,0,0,5,0,5,4722,0.20587722357865365,0,(event_date - FirstDisbursementDate).days / (365.25 / 12),TermInMonths minus elapsed months,Timing unverifiable.,False,-174.78850102669404,-51.01437371663245,-1.9958932238193086,3.0472279260780226,35.01129363449692,85.5482546201232,243.1457905544148,271.1096509240247,298.02874743326487,62.41504464883627,79.07761675717423
approval_year_loan_type_status,2012|revolving|CHGOFF,755,752,755,752,0,0,0,3,0,3,34,0.04521276595744681,506,(event_date - FirstDisbursementDate).days / (365.25 / 12),TermInMonths minus elapsed months,Timing unverifiable.,False,-154.73716632443532,-109.505318275154,-84.80297741273101,-52.06416837782341,-15.644763860369611,17.6694045174538,49.02874743326488,62.39983572895277,146.17864476386038,-17.392137052732753,44.18860126137211
approval_year_loan_type_status,2012|revolving|PIF,11323,11320,11323,11320,0,0,0,3,0,3,2462,0.21749116607773852,0,(event_date - FirstDisbursementDate).days / (365.25 / 12),TermInMonths minus elapsed months,Timing unverifiable.,False,-154.92813141683777,-64.89457905544148,-17.71663244353182,0.041067761806981906,20.591375770020534,48.05749486652977,71.91293634496915,80.97741273100615,131.06365503080082,23.874251021252203,31.008602549039217
approval_year_loan_type_status,2012|term|CHGOFF,1582,1572,1582,1572,0,0,0,10,0,10,62,0.039440203562340966,1277,(event_date - FirstDisbursementDate).days / (365.25 / 12),TermInMonths minus elapsed months,Timing unverifiable.,False,-143.23408624229978,-120.57400410677617,-92.96170431211499,-36.492813141683776,3.5010266940451764,41.3829568788501,139.99609856262796,217.52691991786438,249.58316221765915,7.713442638368575,67.71308597708945
approval_year_loan_type_status,2012|term|PIF,23954,23950,23954,23950,0,0,0,4,0,4,4312,0.18004175365344469,0,(event_date - FirstDisbursementDate).days / (365.25 / 12),TermInMonths minus elapsed months,Timing unverifiable.,False,-158.87268993839837,-32.928131416837786,-1.9281314168377797,6.078028747433255,40.168377823408626,102.30800821355236,251.01437371663243,274.0451745379877,300.0,71.19838378209222,83.89048442530974
approval_year_loan_type_status,2013|revolving|CHGOFF,745,743,745,743,0,0,0,2,0,2,34,0.04576043068640646,512,(event_date - FirstDisbursementDate).days / (365.25 / 12),TermInMonths minus elapsed months,Timing unverifiable.,False,-151.9958932238193,-110.11096509240247,-85.0665297741273,-50.251540041067756,-15.975359342915809,18.972279260780287,55.20574948665297,68.8869815195072,127.31211498973306,-16.43885850414961,45.04154910667629
approval_year_loan_type_status,2013|revolving|PIF,10976,10975,10976,10975,0,0,0,1,0,1,2325,0.21184510250569477,0,(event_date - FirstDisbursementDate).days / (365.25 / 12),TermInMonths minus elapsed months,Timing unverifiable.,False,-141.5523613963039,-59.949199178644776,-15.909650924024646,0.024640657084191275,23.02258726899384,48.02464065708419,72.04106776180699,81.01026694045174,114.08624229979466,24.41024710818408,30.61488611071271
approval_year_loan_type_status,2013|term|CHGOFF,1668,1658,1668,1658,0,0,0,10,0,10,68,0.04101326899879373,1365,(event_date - FirstDisbursementDate).days / (365.25 / 12),TermInMonths minus elapsed months,Timing unverifiable.,False,-149.30800821355237,-127.23862422997945,-96.83778234086242,-36.58418891170431,2.897330595482547,44.322381930184804,147.91478439425032,220.39375770020544,257.0657084188912,8.748842647062466,70.1288467049545
approval_year_loan_type_status,2013|term|PIF,24504,24501,24504,24501,0,0,0,3,0,3,4445,0.1814211664830007,0,(event_date - FirstDisbursementDate).days / (365.25 / 12),TermInMonths minus elapsed months,Timing unverifiable.,False,-146.08213552361397,-27.71252566735113,-1.8809034907597564,6.991786447638603,42.12731006160165,108.04106776180699,255.02258726899385,274.6694045174538,298.02874743326487,74.51141943081232,86.30700573585285
approval_year_loan_type_status,2014|revolving|CHGOFF,1056,1050,1056,1050,0,0,0,6,0,6,45,0.04285714285714286,717,(event_date - FirstDisbursementDate).days / (365.25 / 12),TermInMonths minus elapsed months,Timing unverifiable.,False,-121.56262833675564,-91.81289527720739,-83.59907597535934,-46.80133470225873,-11.058521560574949,22.357289527720738,54.36139630390144,64.31285420944558,70.4435318275154,-12.956861249633326,43.63040278323549
approval_year_loan_type_status,2014|revolving|PIF,14179,14175,14179,14175,0,0,0,4,0,4,3305,0.23315696649029982,0,(event_date - FirstDisbursementDate).days / (365.25 / 12),TermInMonths minus elapsed months,Timing unverifiable.,False,-132.9671457905544,-52.75613963039014,-10.982751540041066,0.024640657084191275,21.232032854209443,47.761806981519506,72.04106776180699,81.99589322381931,118.98151950718686,24.0387573923782,29.82277907256362
approval_year_loan_type_status,2014|term|CHGOFF,2085,2076,2085,2076,0,0,0,9,0,9,80,0.038535645472061654,1695,(event_date - FirstDisbursementDate).days / (365.25 / 12),TermInMonths minus elapsed months,Timing unverifiable.,False,-136.04312114989733,-120.35369609856262,-89.50102669404518,-36.04722792607803,2.2648870636550313,43.530800821355236,137.40143737166323,209.74435318275152,264.53798767967146,7.18172979153561,65.38279088435769
approval_year_loan_type_status,2014|term|PIF,28910,28905,28910,28905,0,0,0,5,0,5,5558,0.19228507178688808,0,(event_date - FirstDisbursementDate).days / (365.25 / 12),TermInMonths minus elapsed months,Timing unverifiable.,False,-139.93018480492813,-18.991704312115004,-1.4537987679671431,5.371663244353186,39.96714579055441,102.98973305954826,255.9753593429158,274.2712114989732,298.0369609856263,73.23924631670626,86.04869155854259
approval_year_loan_type_status,2015|revolving|CHGOFF,1428,1419,1428,1419,0,0,0,9,0,9,57,0.040169133192389,913,(event_date - FirstDisbursementDate).days / (365.25 / 12),TermInMonths minus elapsed months,Timing unverifiable.,False,-132.3264887063655,-87.41326488706366,-83.41108829568788,-46.61396303901437,-9.459958932238195,24.02464065708419,55.08747433264884,64.80328542094455,257.7741273100616,-11.0666113887068,43.67940888347888
approval_year_loan_type_status,2015|revolving|PIF,16931,16924,16931,16924,0,0,0,7,0,7,4072,0.2406050579059324,0,(event_date - FirstDisbursementDate).days / (365.25 / 12),TermInMonths minus elapsed months,Timing unverifiable.,False,-131.92813141683777,-46.16229979466119,-7.006160164271051,1.0102669404517428,20.0,47.006160164271044,71.02258726899385,81.99589322381931,117.01026694045174,23.804642763372136,28.121328629442687
approval_year_loan_type_status,2015|term|CHGOFF,2419,2406,2419,2406,0,0,0,13,0,13,104,0.043225270157938485,1909,(event_date - FirstDisbursementDate).days / (365.25 / 12),TermInMonths minus elapsed months,Timing unverifiable.,False,-124.20739219712526,-112.25287474332649,-83.84291581108829,-32.03850102669405,6.5359342915811105,45.31570841889118,109.31930184804928,207.53993839835692,255.11498973305953,9.451019951831576,61.702353088956755
approval_year_loan_type_status,2015|term|PIF,31183,31179,31183,31179,0,0,0,4,0,4,5780,0.18538118605471632,0,(event_date - FirstDisbursementDate).days / (365.25 / 12),TermInMonths minus elapsed months,Timing unverifiable.,False,-129.97535934291582,-17.947063655030803,-1.3634496919917893,7.015400410677621,42.078028747433265,100.41581108829568,258.99794661190964,277.04312114989733,300.2710472279261,74.79095351455757,86.92338049320058
approval_year_loan_type_status,2016|revolving|CHGOFF,1327,1316,1327,1316,0,0,0,11,0,11,51,0.03875379939209726,808,(event_date - FirstDisbursementDate).days / (365.25 / 12),TermInMonths minus elapsed months,Timing unverifiable.,False,-111.22997946611909,-89.311704312115,-83.40862422997947,-43.4435318275154,-2.1560574948665305,27.86652977412731,55.09034907597536,65.3223819301848,85.7905544147844,-8.288407407176248,43.7373141397666
approval_year_loan_type_status,2016|revolving|PIF,16309,16307,16309,16307,0,0,0,2,0,2,3303,0.20255105169559084,0,(event_date - FirstDisbursementDate).days / (365.25 / 12),TermInMonths minus elapsed months,Timing unverifiable.,False,-113.21355236139631,-41.93728952772074,-6.004106776180691,1.9958932238193086,22.036960985626287,46.168377823408626,70.03696098562628,80.97741273100615,190.75154004106776,24.789117408291045,26.905992974212463
approval_year_loan_type_status,2016|term|CHGOFF,2758,2749,2758,2749,0,0,0,9,0,9,141,0.051291378683157515,2066,(event_date - FirstDisbursementDate).days / (365.25 / 12),TermInMonths minus elapsed months,Timing unverifiable.,False,-115.14168377823408,-99.42579055441479,-78.97494866529773,-26.724845995893226,11.864476386036955,52.52361396303901,104.39835728952768,210.4282546201232,254.47022587268992,15.169366796064725,61.29260549752912
approval_year_loan_type_status,2016|term|PIF,29055,29053,29055,29053,0,0,0,2,0,2,4079,0.1403985819020411,0,(event_date - FirstDisbursementDate).days / (365.25 / 12),TermInMonths minus elapsed months,Timing unverifiable.,False,-111.74127310061601,-12.761889117043122,-0.9650924024640659,13.051334702258728,49.06776180698152,107.02258726899385,260.99630390143733,279.0718685831622,309.93839835728954,80.78724586822172,87.44437623132809
approval_year_loan_type_status,2017|revolving|CHGOFF,1453,1442,1453,1442,0,0,0,11,0,11,51,0.03536754507628294,1010,(event_date - FirstDisbursementDate).days / (365.25 / 12),TermInMonths minus elapsed months,Timing unverifiable.,False,-101.75770020533881,-88.97574948665297,-84.24835728952772,-49.05544147843943,-16.06981519507187,18.995379876796715,54.63203285420945,65.08825462012317,84.34086242299794,-15.979392071814472,43.98033709064168
approval_year_loan_type_status,2017|revolving|PIF,15487,15483,15487,15483,0,0,0,4,0,4,3364,0.21727055480204094,0,(event_date - FirstDisbursementDate).days / (365.25 / 12),TermInMonths minus elapsed months,Timing unverifiable.,False,-102.7905544147844,-24.189774127310066,-3.5852156057494886,2.0123203285420956,19.047227926078023,44.969199178644764,70.00410677618069,80.98332648870637,113.95482546201232,23.764124685470094,25.969567248716118
approval_year_loan_type_status,2017|term|CHGOFF,3066,3060,3066,3060,0,0,0,6,0,6,100,0.032679738562091505,2360,(event_date - FirstDisbursementDate).days / (365.25 / 12),TermInMonths minus elapsed months,Timing unverifiable.,False,-94.09856262833675,-83.85221765913758,-63.436036960985625,-24.397330595482543,17.801848049281315,51.984086242299796,97.33521560574947,208.77989733059542,268.41683778234085,17.81260686341614,56.67265573392218
approval_year_loan_type_status,2017|term|PIF,27736,27736,27736,27736,0,0,0,0,0,0,2936,0.10585520623017018,0,(event_date - FirstDisbursementDate).days / (365.25 / 12),TermInMonths minus elapsed months,Timing unverifiable.,False,-96.07392197125257,-11.939733059548253,-0.7746406570841877,21.00359342915811,57.01848049281314,110.44609856262835,261.03490759753595,281.611498973306,306.0533880903491,86.42123958129123,87.40770267130176
approval_year_loan_type_status,2018|revolving|CHGOFF,1167,1162,1167,1162,0,0,0,5,0,5,47,0.04044750430292599,843,(event_date - FirstDisbursementDate).days / (365.25 / 12),TermInMonths minus elapsed months,Timing unverifiable.,False,-94.34291581108829,-83.69492813141683,-60.94753593429158,-21.594455852156052,15.418891170431213,48.6370636550308,91.16889117043122,103.27197125256674,109.11909650924025,14.644723216715496,47.19703574273985
approval_year_loan_type_status,2018|revolving|PIF,11461,11461,11461,11461,0,0,0,0,0,0,707,0.0616874618270657,0,(event_date - FirstDisbursementDate).days / (365.25 / 12),TermInMonths minus elapsed months,Timing unverifiable.,False,-79.96509240246407,-9.023408624229978,-0.008213552361397092,42.98151950718686,59.02258726899384,72.06570841889118,104.0,114.02053388090349,120.0,55.69894295572862,28.987719915171848
approval_year_loan_type_status,2018|term|CHGOFF,2764,2758,2764,2758,0,0,0,6,0,6,111,0.04024655547498187,2173,(event_date - FirstDisbursementDate).days / (365.25 / 12),TermInMonths minus elapsed months,Timing unverifiable.,False,-91.79876796714579,-69.07891170431212,-52.236652977412724,-13.102156057494863,22.366529774127308,51.69866529774127,91.97186858316222,202.3820328542094,251.7618069815195,21.830080274221864,49.03075866489374
approval_year_loan_type_status,2018|term|PIF,23300,23297,23300,23297,0,0,0,3,0,3,2478,0.10636562647551187,0,(event_date - FirstDisbursementDate).days / (365.25 / 12),TermInMonths minus elapsed months,Timing unverifiable.,False,-90.98151950718686,-3.996386036960985,-0.008213552361397092,25.946611909650926,60.92813141683778,104.98562628336755,260.97741273100615,279.99211498973307,302.98562628336754,86.77981830728089,85.23145846150696
approval_year_loan_type_status,2019|revolving|CHGOFF,982,979,982,979,0,0,0,3,0,3,41,0.04187946884576098,706,(event_date - FirstDisbursementDate).days / (365.25 / 12),TermInMonths minus elapsed months,Timing unverifiable.,False,-73.29568788501027,-59.236755646817244,-36.1053388090349,-10.726899383983572,23.17864476386037,48.52977412731006,78.56940451745379,100.84739219712526,110.34907597535934,20.91756454329419,37.750930284770014
approval_year_loan_type_status,2019|revolving|PIF,8975,8974,8975,8974,0,0,0,1,0,1,434,0.0483619344773791,0,(event_date - FirstDisbursementDate).days / (365.25 / 12),TermInMonths minus elapsed months,Timing unverifiable.,False,-60.459958932238195,-3.047782340862423,0.9938398357289557,52.946611909650926,61.40451745379877,79.67145790554414,101.96303901437372,113.00205338809035,119.34291581108829,61.65208571968575,26.360007432050793
approval_year_loan_type_status,2019|term|CHGOFF,1807,1805,1807,1805,0,0,0,2,0,2,109,0.06038781163434903,1370,(event_date - FirstDisbursementDate).days / (365.25 / 12),TermInMonths minus elapsed months,Timing unverifiable.,False,-82.35112936344969,-65.49568788501026,-50.73593429158111,-6.956878850102669,21.671457905544145,48.841889117043124,83.78685831622175,178.94620123203322,254.68583162217658,22.190923000790637,44.328989048334975
approval_year_loan_type_status,2019|term|PIF,17886,17885,17886,17885,0,0,0,1,0,1,1670,0.09337433603578418,0,(event_date - FirstDisbursementDate).days / (365.25 / 12),TermInMonths minus elapsed months,Timing unverifiable.,False,-77.05133470225873,-2.043121149897331,-0.024640657084191275,32.01026694045174,65.03285420944559,99.9034907597536,263.9917864476386,279.9624640657084,300.99794661190964,88.48329453690846,82.79359399646677
approval_year_loan_type_status,2020|revolving|CHGOFF,410,410,410,410,0,0,0,0,0,0,20,0.04878048780487805,313,(event_date - FirstDisbursementDate).days / (365.25 / 12),TermInMonths minus elapsed months,Timing unverifiable.,False,-59.83572895277207,-48.376817248459965,-25.61026694045174,3.1596509240246426,24.62217659137577,53.3305954825462,78.70071868583162,87.7210677618069,93.75975359342915,26.773280913507286,32.2595016283015
approval_year_loan_type_status,2020|revolving|PIF,5323,5323,5323,5323,0,0,0,0,0,0,320,0.06011647567161375,0,(event_date - FirstDisbursementDate).days / (365.25 / 12),TermInMonths minus elapsed months,Timing unverifiable.,False,-52.04517453798768,-2.895770020533881,0.25995893223819316,56.0082135523614,61.02669404517454,78.0164271047228,101.96303901437372,112.3311704312114,119.01437371663245,61.733991538791216,26.64033984333386
approval_year_loan_type_status,2020|term|CHGOFF,788,785,788,785,0,0,0,3,0,3,36,0.045859872611464965,607,(event_date - FirstDisbursementDate).days / (365.25 / 12),TermInMonths minus elapsed months,Timing unverifiable.,False,-67.62217659137578,-59.892484599589324,-42.808213552361394,2.5667351129363425,31.587268993839835,54.53182751540041,84.23983572895277,204.95367556468167,239.75359342915812,29.948286009495284,43.13522984492187
approval_year_loan_type_status,2020|term|PIF,13855,13855,13855,13855,0,0,0,0,0,0,1379,0.09953085528690003,0,(event_date - FirstDisbursementDate).days / (365.25 / 12),TermInMonths minus elapsed months,Timing unverifiable.,False,-51.006160164271044,-1.9774127310061616,0.008213552361397092,33.72689938398358,74.59548254620123,133.24845995893224,272.993839835729,285.2469815195071,302.52566735112936,102.12493210332596,91.73635579591746
approval_year_loan_type_status,2021|revolving|CHGOFF,510,510,510,510,0,0,0,0,0,0,15,0.029411764705882353,366,(event_date - FirstDisbursementDate).days / (365.25 / 12),TermInMonths minus elapsed months,Timing unverifiable.,False,-43.91991786447639,-34.00047227926078,-6.193531827515398,26.012833675564686,42.903490759753595,64.72689938398358,83.69979466119096,97.47277207392192,106.70636550308008,43.26470588235294,28.251518923585266
approval_year_loan_type_status,2021|revolving|PIF,4269,4269,4269,4269,0,0,0,0,0,0,230,0.053876786132583745,0,(event_date - FirstDisbursementDate).days / (365.25 / 12),TermInMonths minus elapsed months,Timing unverifiable.,False,-28.973305954825463,-2.046488706365501,1.186447638603696,58.20123203285421,69.75564681724846,87.01437371663243,106.75975359342915,112.870636550308,119.5728952772074,67.14955101074891,28.12544853850301
approval_year_loan_type_status,2021|term|CHGOFF,817,815,817,815,0,0,0,2,0,2,24,0.029447852760736196,543,(event_date - FirstDisbursementDate).days / (365.25 / 12),TermInMonths minus elapsed months,Timing unverifiable.,False,-59.521560574948666,-41.63453798767967,-23.965503080082133,18.39425051334702,46.49075975359343,64.24127310061601,89.3829568788501,226.2353593429158,265.94455852156057,42.8580340383719,42.2643064206407
approval_year_loan_type_status,2021|term|PIF,13894,13894,13894,13894,0,0,0,0,0,0,641,0.04613502231178926,0,(event_date - FirstDisbursementDate).days / (365.25 / 12),TermInMonths minus elapsed months,Timing unverifiable.,False,-45.07186858316222,-1.026694045174537,3.3264887063655024,61.02669404517454,92.32032854209446,249.96303901437372,279.0390143737166,289.9466119096509,309.30595482546204,129.0084185364755,96.04932721835608
approval_year_loan_type_status,2022|revolving|CHGOFF,716,716,716,716,0,0,0,0,0,0,6,0.008379888268156424,356,(event_date - FirstDisbursementDate).days / (365.25 / 12),TermInMonths minus elapsed months,Timing unverifiable.,False,-34.47638603696099,-16.2264887063655,13.58110882956879,46.65195071868583,64.77823408624229,77.3305954825462,89.27566735112936,97.78552361396305,104.68788501026694,60.03014121344911,23.65335685113699
approval_year_loan_type_status,2022|revolving|PIF,2943,2943,2943,2943,0,0,0,0,0,0,164,0.05572545022086307,0,(event_date - FirstDisbursementDate).days / (365.25 / 12),TermInMonths minus elapsed months,Timing unverifiable.,False,-27.01848049281314,-1.8983572895277203,0.5774127310061585,60.13141683778234,83.07186858316223,94.2094455852156,109.2205338809035,114.20386036960986,118.09445585215606,74.5162153468956,29.47892019927461
approval_year_loan_type_status,2022|term|CHGOFF,1116,1115,1116,1115,0,0,0,1,0,1,26,0.023318385650224215,471,(event_date - FirstDisbursementDate).days / (365.25 / 12),TermInMonths minus elapsed months,Timing unverifiable.,False,-42.794661190965094,-25.345215605749484,-8.912320328542096,24.569815195071868,57.62422997946612,76.95790554414785,96.08973305954825,127.25314168377791,253.8069815195072,52.012614985129055,36.2350559769614
approval_year_loan_type_status,2022|term|PIF,7890,7890,7890,7890,0,0,0,0,0,0,182,0.023067173637515842,0,(event_date - FirstDisbursementDate).days / (365.25 / 12),TermInMonths minus elapsed months,Timing unverifiable.,False,-12.657084188911703,-1.1909650924024646,15.952772073921972,67.67967145790554,92.04106776180699,170.21765913757702,279.23613963039014,290.0633264887063,309.1745379876797,121.2192497976541,87.45584450183703
approval_year_loan_type_status,2023|revolving|CHGOFF,378,378,378,378,0,0,0,0,0,0,5,0.013227513227513227,64,(event_date - FirstDisbursementDate).days / (365.25 / 12),TermInMonths minus elapsed months,Timing unverifiable.,False,-23.414784394250514,-10.75977412731006,26.981006160164274,66.24691991786447,76.60780287474333,84.58316221765914,90.9782340862423,99.3094045174538,100.88090349075975,72.02156600719229,20.478250991051876
approval_year_loan_type_status,2023|revolving|PIF,1208,1208,1208,1208,0,0,0,0,0,0,63,0.052152317880794705,0,(event_date - FirstDisbursementDate).days / (365.25 / 12),TermInMonths minus elapsed months,Timing unverifiable.,False,-23.97535934291581,-2.6863860369609847,0.6778234086242299,70.86652977412732,89.14989733059548,99.71252566735113,110.13223819301847,115.8304722792608,119.08008213552361,79.98740599970083,30.34024061505992
approval_year_loan_type_status,2023|term|CHGOFF,448,448,448,448,0,0,0,0,0,0,12,0.026785714285714284,79,(event_date - FirstDisbursementDate).days / (365.25 / 12),TermInMonths minus elapsed months,Timing unverifiable.,False,-30.8911704312115,-21.132895277207393,0.04106776180698296,30.80441478439425,66.61806981519507,83.6083162217659,97.1917864476386,132.4483778234086,263.53182751540044,59.194659357582864,33.69939165154765
approval_year_loan_type_status,2023|term|PIF,2496,2496,2496,2496,0,0,0,0,0,0,81,0.03245192307692308,0,(event_date - FirstDisbursementDate).days / (365.25 / 12),TermInMonths minus elapsed months,Timing unverifiable.,False,-13.940451745379878,-1.1942505133470231,14.915811088295687,58.84599589322382,93.15811088295688,108.8952772073922,275.1355236139631,287.88162217659135,300.129363449692,105.87441096719843,74.76890906044231
